"8075","J.A. Jance","0380896419","http://images.amazon.com/images/P/0380896419.01.LZZZZZZZ.jpg","http://images.amazon.com/images/P/0380896419.01.MZZZZZZZ.jpg","2003-12-31 11:00:00 UTC","Avon","http://images.amazon.com/images/P/0380896419.01.THUMBZZZ.jpg","Injustice for All: A J.P. Beaumont Mystery"
"8076","Candice Bergen","0671252941","http://images.amazon.com/images/P/0671252941.01.LZZZZZZZ.jpg","http://images.amazon.com/images/P/0671252941.01.MZZZZZZZ.jpg","1983-12-31 11:00:00 UTC","Simon &amp; Schuster","http://images.amazon.com/images/P/0671252941.01.THUMBZZZ.jpg","Knock Wood"
"8077","George Mair","155972272X","http://images.amazon.com/images/P/155972272X.01.LZZZZZZZ.jpg","http://images.amazon.com/images/P/155972272X.01.MZZZZZZZ.jpg","1994-12-31 11:00:00 UTC","Carol Publishing Corporation","http://images.amazon.com/images/P/155972272X.01.THUMBZZZ.jpg","Bette: An Intimate Biography of Bette Midler"
"8078","G. Garfield Crimmins","0393046338","http://images.amazon.com/images/P/0393046338.01.LZZZZZZZ.jpg","http://images.amazon.com/images/P/0393046338.01.MZZZZZZZ.jpg","1997-12-31 11:00:00 UTC","W. W. Norton &amp; Company","http://images.amazon.com/images/P/0393046338.01.THUMBZZZ.jpg","The Republic of Dreams: A Reverie"
"8079","Janet Evanovich","0671001795","http://images.amazon.com/images/P/0671001795.01.LZZZZZZZ.jpg","http://images.amazon.com/images/P/0671001795.01.MZZZZZZZ.jpg","1995-12-31 11:00:00 UTC","Pocket","http://images.amazon.com/images/P/0671001795.01.THUMBZZZ.jpg","Two for the Dough"
"8080","Ann Linnea","0316526835","http://images.amazon.com/images/P/0316526835.01.LZZZZZZZ.jpg","http://images.amazon.com/images/P/0316526835.01.MZZZZZZZ.jpg","1994-12-31 11:00:00 UTC","Little Brown &amp; Co","http://images.amazon.com/images/P/0316526835.01.THUMBZZZ.jpg","Deep Water Passage: A Spiritual Journey at Midlife"
"8081","Barbara Sher","0385307888","http://images.amazon.com/images/P/0385307888.01.LZZZZZZZ.jpg","http://images.amazon.com/images/P/0385307888.01.MZZZZZZZ.jpg","1993-12-31 11:00:00 UTC","Delacorte Press","http://images.amazon.com/images/P/0385307888.01.THUMBZZZ.jpg","I Could Do Anything If I Only Knew What It Was: How to Discover What You Really Want and How to Get It"
"8082","James A. Michener","039447970X","http://images.amazon.com/images/P/039447970X.01.LZZZZZZZ.jpg","http://images.amazon.com/images/P/039447970X.01.MZZZZZZZ.jpg","1973-12-31 12:00:00 UTC","Random House","http://images.amazon.com/images/P/039447970X.01.THUMBZZZ.jpg","Centennial"
"8083","Alice Hoffman","0425161285","http://images.amazon.com/images/P/0425161285.01.LZZZZZZZ.jpg","http://images.amazon.com/images/P/0425161285.01.MZZZZZZZ.jpg","1996-12-31 11:00:00 UTC","Berkley Publishing Group","http://images.amazon.com/images/P/0425161285.01.THUMBZZZ.jpg","Turtle Moon"
"8084","C. S. Lewis","0156904365","http://images.amazon.com/images/P/0156904365.01.LZZZZZZZ.jpg","http://images.amazon.com/images/P/0156904365.01.MZZZZZZZ.jpg","1979-12-31 11:00:00 UTC","Harvest Books","http://images.amazon.com/images/P/0156904365.01.THUMBZZZ.jpg","Till We Have Faces: A Myth Retold"
"8085","Andrea De Carlo","8804342838","http://images.amazon.com/images/P/8804342838.01.LZZZZZZZ.jpg","http://images.amazon.com/images/P/8804342838.01.MZZZZZZZ.jpg","1990-12-31 11:00:00 UTC","A. Mondadori","http://images.amazon.com/images/P/8804342838.01.THUMBZZZ.jpg","Due di due (Bestsellers)"
"8086","Phoebe McPhee","0743448421","http://images.amazon.com/images/P/0743448421.01.LZZZZZZZ.jpg","http://images.amazon.com/images/P/0743448421.01.MZZZZZZZ.jpg","2001-12-31 11:00:00 UTC","MTV","http://images.amazon.com/images/P/0743448421.01.THUMBZZZ.jpg","Alphabetical Hook-Up List A-J"
"8087","Ellen Raskin","014034991X","http://images.amazon.com/images/P/014034991X.01.LZZZZZZZ.jpg","http://images.amazon.com/images/P/014034991X.01.MZZZZZZZ.jpg","1991-12-31 11:00:00 UTC","Puffin Books","http://images.amazon.com/images/P/014034991X.01.THUMBZZZ.jpg","Westing Game"
"8088","Patricia Reilly Giff","0440414539","http://images.amazon.com/images/P/0440414539.01.LZZZZZZZ.jpg","http://images.amazon.com/images/P/0440414539.01.MZZZZZZZ.jpg","1998-12-31 11:00:00 UTC","Yearling Books","http://images.amazon.com/images/P/0440414539.01.THUMBZZZ.jpg","Lily's Crossing (Yearling Newbery)"
"8089","Stephen Fuentes","006106498X","http://images.amazon.com/images/P/006106498X.01.LZZZZZZZ.jpg","http://images.amazon.com/images/P/006106498X.01.MZZZZZZZ.jpg","1996-12-31 11:00:00 UTC","HarperEntertainment","http://images.amazon.com/images/P/006106498X.01.THUMBZZZ.jpg","Wishbone Classic #11 Adv of Tom Sawyer (Wishbone)"
"8090","Wilson Rawls","0553274295","http://images.amazon.com/images/P/0553274295.01.LZZZZZZZ.jpg","http://images.amazon.com/images/P/0553274295.01.MZZZZZZZ.jpg","1983-12-31 11:00:00 UTC","Random House Children's Books","http://images.amazon.com/images/P/0553274295.01.THUMBZZZ.jpg","Where the Red Fern Grows"
"8091","William Taylor","0590457799","http://images.amazon.com/images/P/0590457799.01.LZZZZZZZ.jpg","http://images.amazon.com/images/P/0590457799.01.MZZZZZZZ.jpg","1993-12-31 11:00:00 UTC","Scholastic Paperbacks (Mm)","http://images.amazon.com/images/P/0590457799.01.THUMBZZZ.jpg","Knitwits"
"8092","Margaret Peterson Haddix","0689800843","http://images.amazon.com/images/P/0689800843.01.LZZZZZZZ.jpg","http://images.amazon.com/images/P/0689800843.01.MZZZZZZZ.jpg","1994-12-31 11:00:00 UTC","Simon &amp; Schuster Children's Publishing","http://images.amazon.com/images/P/0689800843.01.THUMBZZZ.jpg","Running Out of Time"
"8093","Marvin Miller","0590457233","http://images.amazon.com/images/P/0590457233.01.LZZZZZZZ.jpg","http://images.amazon.com/images/P/0590457233.01.MZZZZZZZ.jpg","1991-12-31 11:00:00 UTC","Scholastic Paperbacks (Mm)","http://images.amazon.com/images/P/0590457233.01.THUMBZZZ.jpg","You Be the Jury: Courtroom IV (You Be the Jury)"
"8094","Willo Davis Roberts","0689311001","http://images.amazon.com/images/P/0689311001.01.LZZZZZZZ.jpg","http://images.amazon.com/images/P/0689311001.01.MZZZZZZZ.jpg","1984-12-31 11:00:00 UTC","Atheneum","http://images.amazon.com/images/P/0689311001.01.THUMBZZZ.jpg","BABY SITTING IS A DANGEROUS JOB"
"8095","Barry Denenberg","0590926675","http://images.amazon.com/images/P/0590926675.01.LZZZZZZZ.jpg","http://images.amazon.com/images/P/0590926675.01.MZZZZZZZ.jpg","1996-12-31 11:00:00 UTC","Scholastic","http://images.amazon.com/images/P/0590926675.01.THUMBZZZ.jpg","So Far From Home : The Diary of Mary Driscoll, an Irish Mill Girl, Lowell, Massachusetts, 1847 (Dear America)"
"8096","Bruce Coville","0671794019","http://images.amazon.com/images/P/0671794019.01.LZZZZZZZ.jpg","http://images.amazon.com/images/P/0671794019.01.MZZZZZZZ.jpg","1992-12-31 11:00:00 UTC","Aladdin","http://images.amazon.com/images/P/0671794019.01.THUMBZZZ.jpg","Jennifer Murdley's Toad (Magic Shop Books)"
"8097","Paula Danziger","0440403332","http://images.amazon.com/images/P/0440403332.01.LZZZZZZZ.jpg","http://images.amazon.com/images/P/0440403332.01.MZZZZZZZ.jpg","1989-12-31 11:00:00 UTC","Yearling Books","http://images.amazon.com/images/P/0440403332.01.THUMBZZZ.jpg","Everyone Else's Parents Said Yes"
"8098","Beverly Cleary","0440948991","http://images.amazon.com/images/P/0440948991.01.LZZZZZZZ.jpg","http://images.amazon.com/images/P/0440948991.01.MZZZZZZZ.jpg","1979-12-31 11:00:00 UTC","Laurel-Leaf Books","http://images.amazon.com/images/P/0440948991.01.THUMBZZZ.jpg","Luckiest Girl"
"8099","Margaret Peterson Haddix","0689849176","http://images.amazon.com/images/P/0689849176.01.LZZZZZZZ.jpg","http://images.amazon.com/images/P/0689849176.01.MZZZZZZZ.jpg","1998-12-31 11:00:00 UTC","Aladdin","http://images.amazon.com/images/P/0689849176.01.THUMBZZZ.jpg","Just Ella"
"8100","Andy Rooney","1586480103","http://images.amazon.com/images/P/1586480103.01.LZZZZZZZ.jpg","http://images.amazon.com/images/P/1586480103.01.MZZZZZZZ.jpg","1999-12-31 11:00:00 UTC","PublicAffairs","http://images.amazon.com/images/P/1586480103.01.THUMBZZZ.jpg","My War"
"8101","J.  Lawler","1570282021","http://images.amazon.com/images/P/1570282021.01.LZZZZZZZ.jpg","http://images.amazon.com/images/P/1570282021.01.MZZZZZZZ.jpg","1997-12-31 11:00:00 UTC","McGraw-Hill","http://images.amazon.com/images/P/1570282021.01.THUMBZZZ.jpg","The Secrets of Tae Kwon Do"
"8102","Fred Mustard Stewart","0877950938","http://images.amazon.com/images/P/0877950938.01.LZZZZZZZ.jpg","http://images.amazon.com/images/P/0877950938.01.MZZZZZZZ.jpg","1973-12-31 12:00:00 UTC","Arbor House","http://images.amazon.com/images/P/0877950938.01.THUMBZZZ.jpg","Star child: A novel"
"8103","Phil McGraw","0743490398","http://images.amazon.com/images/P/0743490398.01.LZZZZZZZ.jpg","http://images.amazon.com/images/P/0743490398.01.MZZZZZZZ.jpg","2002-12-31 11:00:00 UTC","Pocket","http://images.amazon.com/images/P/0743490398.01.THUMBZZZ.jpg","The Ultimate Weight Solution Food Guide"
"8104","George Orwell","0451524667","http://images.amazon.com/images/P/0451524667.01.LZZZZZZZ.jpg","http://images.amazon.com/images/P/0451524667.01.MZZZZZZZ.jpg","1989-12-31 11:00:00 UTC","New Amer Library Classics","http://images.amazon.com/images/P/0451524667.01.THUMBZZZ.jpg","Animal Farm"
"8105","Rudolfo Anaya","0446600253","http://images.amazon.com/images/P/0446600253.01.LZZZZZZZ.jpg","http://images.amazon.com/images/P/0446600253.01.MZZZZZZZ.jpg","1993-12-31 11:00:00 UTC","Warner Books","http://images.amazon.com/images/P/0446600253.01.THUMBZZZ.jpg","Bless Me, Ultima"
"8106","Terry Brooks","0345386744","http://images.amazon.com/images/P/0345386744.01.LZZZZZZZ.jpg","http://images.amazon.com/images/P/0345386744.01.MZZZZZZZ.jpg","1993-12-31 11:00:00 UTC","Del Rey Books","http://images.amazon.com/images/P/0345386744.01.THUMBZZZ.jpg","The Talismans of Shannara (Heritage of Shannara (Paperback))"
"8107","Anne Barone","0965894355","http://images.amazon.com/images/P/0965894355.01.LZZZZZZZ.jpg","http://images.amazon.com/images/P/0965894355.01.MZZZZZZZ.jpg","1999-12-31 11:00:00 UTC","Nouvelles Editions","http://images.amazon.com/images/P/0965894355.01.THUMBZZZ.jpg","Chic &amp; Slim Encore: More About How French Women Dress Chic Stay Slim -- and How You Can Too!"
"8108","V.C. Andrews","0671039857","http://images.amazon.com/images/P/0671039857.01.LZZZZZZZ.jpg","http://images.amazon.com/images/P/0671039857.01.MZZZZZZZ.jpg","2000-12-31 11:00:00 UTC","Pocket","http://images.amazon.com/images/P/0671039857.01.THUMBZZZ.jpg","The End of the Rainbow (Hudson)"
"8109","V.C. Andrews","0671039830","http://images.amazon.com/images/P/0671039830.01.LZZZZZZZ.jpg","http://images.amazon.com/images/P/0671039830.01.MZZZZZZZ.jpg","1999-12-31 11:00:00 UTC","Pocket","http://images.amazon.com/images/P/0671039830.01.THUMBZZZ.jpg","Eye Of The Storm (Hudson, Book 3)"
"8110","V.C. Andrews","0671007696","http://images.amazon.com/images/P/0671007696.01.LZZZZZZZ.jpg","http://images.amazon.com/images/P/0671007696.01.MZZZZZZZ.jpg","1999-12-31 11:00:00 UTC","Pocket","http://images.amazon.com/images/P/0671007696.01.THUMBZZZ.jpg","Lightning Strikes (Hudson)"
"8111","V.C. Andrews","067100767X","http://images.amazon.com/images/P/067100767X.01.LZZZZZZZ.jpg","http://images.amazon.com/images/P/067100767X.01.MZZZZZZZ.jpg","1999-12-31 11:00:00 UTC","Pocket Books","http://images.amazon.com/images/P/067100767X.01.THUMBZZZ.jpg","Rain"
"8112","John Mortimer","0140063838","http://images.amazon.com/images/P/0140063838.01.LZZZZZZZ.jpg","http://images.amazon.com/images/P/0140063838.01.MZZZZZZZ.jpg","1982-12-31 11:00:00 UTC","Penguin Books Ltd","http://images.amazon.com/images/P/0140063838.01.THUMBZZZ.jpg","Clinging to the Wreckage"
"8113","John Forbes","0207169519","http://images.amazon.com/images/P/0207169519.01.LZZZZZZZ.jpg","http://images.amazon.com/images/P/0207169519.01.MZZZZZZZ.jpg","1991-12-31 11:00:00 UTC","Angus &amp; Robertson","http://images.amazon.com/images/P/0207169519.01.THUMBZZZ.jpg","New and selected poems (A &amp; R modern poets)"
"8114","Kay Allenbaugh","0684870819","http://images.amazon.com/images/P/0684870819.01.LZZZZZZZ.jpg","http://images.amazon.com/images/P/0684870819.01.MZZZZZZZ.jpg","1999-12-31 11:00:00 UTC","Fireside","http://images.amazon.com/images/P/0684870819.01.THUMBZZZ.jpg","Chocolate For A Teens Soul : Lifechanging Stories For Young Women About Growing Wise And Growing Strong"
"8115","Jack Canfield","1558748040","http://images.amazon.com/images/P/1558748040.01.LZZZZZZZ.jpg","http://images.amazon.com/images/P/1558748040.01.MZZZZZZZ.jpg","2000-12-31 11:00:00 UTC","Health Communications","http://images.amazon.com/images/P/1558748040.01.THUMBZZZ.jpg","Chicken Soup for the Teenage Soul Letters - Letters of Life, Love and Learning (Chicken Soup for the Teenage Soul)"
"8116","Sonja Massie","0425132986","http://images.amazon.com/images/P/0425132986.01.LZZZZZZZ.jpg","http://images.amazon.com/images/P/0425132986.01.MZZZZZZZ.jpg","1991-12-31 11:00:00 UTC","Berkley Publishing Group","http://images.amazon.com/images/P/0425132986.01.THUMBZZZ.jpg","Far and Away"
"8117","Susan Campbell Bartoletti","0439053862","http://images.amazon.com/images/P/0439053862.01.LZZZZZZZ.jpg","http://images.amazon.com/images/P/0439053862.01.MZZZZZZZ.jpg","1999-12-31 11:00:00 UTC","Scholastic Press","http://images.amazon.com/images/P/0439053862.01.THUMBZZZ.jpg","A Coal Miner's Bride: The Diary of Anetka Kaminska (Dear America)"
"8118","V.C. Andrews","0743403614","http://images.amazon.com/images/P/0743403614.01.LZZZZZZZ.jpg","http://images.amazon.com/images/P/0743403614.01.MZZZZZZZ.jpg","1999-12-31 11:00:00 UTC","Pocket","http://images.amazon.com/images/P/0743403614.01.THUMBZZZ.jpg","Orphans (Orphans Series)"
"8119","Jeffrey D. Greene","013029442X","http://images.amazon.com/images/P/013029442X.01.LZZZZZZZ.jpg","http://images.amazon.com/images/P/013029442X.01.MZZZZZZZ.jpg","2000-12-31 11:00:00 UTC","Pearson Education","http://images.amazon.com/images/P/013029442X.01.THUMBZZZ.jpg","Cities and Privatization: Prospects for the New Century"
"8120","Jose Saramago","8495501074","http://images.amazon.com/images/P/8495501074.01.LZZZZZZZ.jpg","http://images.amazon.com/images/P/8495501074.01.MZZZZZZZ.jpg","2000-12-31 11:00:00 UTC","Santillana USA Publishing Company","http://images.amazon.com/images/P/8495501074.01.THUMBZZZ.jpg","Ensayo sobre la ceguera"
"8121","Stuart Friedman","0843925027","http://images.amazon.com/images/P/0843925027.01.LZZZZZZZ.jpg","http://images.amazon.com/images/P/0843925027.01.MZZZZZZZ.jpg","1986-12-31 11:00:00 UTC","Leisure Books","http://images.amazon.com/images/P/0843925027.01.THUMBZZZ.jpg","Maniac"
"8122","Kate Elliott","0756400953","http://images.amazon.com/images/P/0756400953.01.LZZZZZZZ.jpg","http://images.amazon.com/images/P/0756400953.01.MZZZZZZZ.jpg","2001-12-31 11:00:00 UTC","Daw Books","http://images.amazon.com/images/P/0756400953.01.THUMBZZZ.jpg","Jaran (Jaran, 1)"
"8123","Pearl S. Buck","1559210869","http://images.amazon.com/images/P/1559210869.01.LZZZZZZZ.jpg","http://images.amazon.com/images/P/1559210869.01.MZZZZZZZ.jpg","1992-12-31 11:00:00 UTC","Moyer Bell Ltd.","http://images.amazon.com/images/P/1559210869.01.THUMBZZZ.jpg","East Wind: West Wind (Buck, Pearl S. Oriental Novels of Pearl S. Buck, 8th,)"
"8124","Marion Zimmer Bradley","0886779960","http://images.amazon.com/images/P/0886779960.01.LZZZZZZZ.jpg","http://images.amazon.com/images/P/0886779960.01.MZZZZZZZ.jpg","2000-12-31 11:00:00 UTC","Daw Books","http://images.amazon.com/images/P/0886779960.01.THUMBZZZ.jpg","Sword and Sorceress 18 (Sword and Sorceress, 18)"
"8125","Dick Francis","033042095X","http://images.amazon.com/images/P/033042095X.01.LZZZZZZZ.jpg","http://images.amazon.com/images/P/033042095X.01.MZZZZZZZ.jpg","2002-12-31 11:00:00 UTC","Pan Macmillan","http://images.amazon.com/images/P/033042095X.01.THUMBZZZ.jpg","Rat Race / To the Hilt"
"8126","Joe Kraynak","0789716399","http://images.amazon.com/images/P/0789716399.01.LZZZZZZZ.jpg","http://images.amazon.com/images/P/0789716399.01.MZZZZZZZ.jpg","1997-12-31 11:00:00 UTC","Que","http://images.amazon.com/images/P/0789716399.01.THUMBZZZ.jpg","Easy Internet"
"8127","Jo Beverley","0821767240","http://images.amazon.com/images/P/0821767240.01.LZZZZZZZ.jpg","http://images.amazon.com/images/P/0821767240.01.MZZZZZZZ.jpg","1999-12-31 11:00:00 UTC","Zebra Books","http://images.amazon.com/images/P/0821767240.01.THUMBZZZ.jpg","An Unwilling Bride"
"8128","Carol O'Connell","0515135356","http://images.amazon.com/images/P/0515135356.01.LZZZZZZZ.jpg","http://images.amazon.com/images/P/0515135356.01.MZZZZZZZ.jpg","2002-12-31 11:00:00 UTC","Jove Books","http://images.amazon.com/images/P/0515135356.01.THUMBZZZ.jpg","Crime School"
"8129","Anita Shreve","0316782262","http://images.amazon.com/images/P/0316782262.01.LZZZZZZZ.jpg","http://images.amazon.com/images/P/0316782262.01.MZZZZZZZ.jpg","2002-12-31 11:00:00 UTC","Little, Brown","http://images.amazon.com/images/P/0316782262.01.THUMBZZZ.jpg","All He Ever Wanted"
"8130","David J. Pelzer","0525945210","http://images.amazon.com/images/P/0525945210.01.LZZZZZZZ.jpg","http://images.amazon.com/images/P/0525945210.01.MZZZZZZZ.jpg","1998-12-31 11:00:00 UTC","Dutton Books","http://images.amazon.com/images/P/0525945210.01.THUMBZZZ.jpg","A Man Named Dave: A Story of Triumph and Forgiveness"
"8131","Cassandra King","0786869054","http://images.amazon.com/images/P/0786869054.01.LZZZZZZZ.jpg","http://images.amazon.com/images/P/0786869054.01.MZZZZZZZ.jpg","2001-12-31 11:00:00 UTC","Hyperion","http://images.amazon.com/images/P/0786869054.01.THUMBZZZ.jpg","The Sunday Wife: A Novel"
"8132","Faye Kellerman","0446530387","http://images.amazon.com/images/P/0446530387.01.LZZZZZZZ.jpg","http://images.amazon.com/images/P/0446530387.01.MZZZZZZZ.jpg","2001-12-31 11:00:00 UTC","Warner Books","http://images.amazon.com/images/P/0446530387.01.THUMBZZZ.jpg","Stone Kiss (Peter Decker &amp; Rina Lazarus Novels (Hardcover))"
"8133","Jodi Picoult","0688177743","http://images.amazon.com/images/P/0688177743.01.LZZZZZZZ.jpg","http://images.amazon.com/images/P/0688177743.01.MZZZZZZZ.jpg","1999-12-31 11:00:00 UTC","Perennial","http://images.amazon.com/images/P/0688177743.01.THUMBZZZ.jpg","Keeping Faith : A Novel"
"8134","Stephen L. Carter","0375413634","http://images.amazon.com/images/P/0375413634.01.LZZZZZZZ.jpg","http://images.amazon.com/images/P/0375413634.01.MZZZZZZZ.jpg","2001-12-31 11:00:00 UTC","Alfred A. Knopf","http://images.amazon.com/images/P/0375413634.01.THUMBZZZ.jpg","The Emperor of Ocean Park (Today Show Book Club #1)"
"8135","Anchee Min","0425147762","http://images.amazon.com/images/P/0425147762.01.LZZZZZZZ.jpg","http://images.amazon.com/images/P/0425147762.01.MZZZZZZZ.jpg","1994-12-31 11:00:00 UTC","Berkley Publishing Group","http://images.amazon.com/images/P/0425147762.01.THUMBZZZ.jpg","Red Azalea"
"8136","Stuart Woods","0399149295","http://images.amazon.com/images/P/0399149295.01.LZZZZZZZ.jpg","http://images.amazon.com/images/P/0399149295.01.MZZZZZZZ.jpg","2001-12-31 11:00:00 UTC","Putnam Adult","http://images.amazon.com/images/P/0399149295.01.THUMBZZZ.jpg","Blood Orchid (Holly Barker Novels (Hardcover))"
"8137","Jillian Medoff","0066212693","http://images.amazon.com/images/P/0066212693.01.LZZZZZZZ.jpg","http://images.amazon.com/images/P/0066212693.01.MZZZZZZZ.jpg","2001-12-31 11:00:00 UTC","William Morrow","http://images.amazon.com/images/P/0066212693.01.THUMBZZZ.jpg","Good Girls Gone Bad"
"8138","Claire Cook","0670031062","http://images.amazon.com/images/P/0670031062.01.LZZZZZZZ.jpg","http://images.amazon.com/images/P/0670031062.01.MZZZZZZZ.jpg","2001-12-31 11:00:00 UTC","Viking Books","http://images.amazon.com/images/P/0670031062.01.THUMBZZZ.jpg","Must Love Dogs: A Novel"
"8139","Donna Tartt","0679439382","http://images.amazon.com/images/P/0679439382.01.LZZZZZZZ.jpg","http://images.amazon.com/images/P/0679439382.01.MZZZZZZZ.jpg","2001-12-31 11:00:00 UTC","Alfred A. Knopf","http://images.amazon.com/images/P/0679439382.01.THUMBZZZ.jpg","The Little Friend"
"8140","Lisa Gornick","1565123417","http://images.amazon.com/images/P/1565123417.01.LZZZZZZZ.jpg","http://images.amazon.com/images/P/1565123417.01.MZZZZZZZ.jpg","2001-12-31 11:00:00 UTC","Algonquin Books of Chapel Hill","http://images.amazon.com/images/P/1565123417.01.THUMBZZZ.jpg","A Private Sorcery: A Novel"
"8141","Peter Straub","0451179188","http://images.amazon.com/images/P/0451179188.01.LZZZZZZZ.jpg","http://images.amazon.com/images/P/0451179188.01.MZZZZZZZ.jpg","1998-12-31 11:00:00 UTC","Signet Book","http://images.amazon.com/images/P/0451179188.01.THUMBZZZ.jpg","Throat"
"8142","Betsy Carter","0786867612","http://images.amazon.com/images/P/0786867612.01.LZZZZZZZ.jpg","http://images.amazon.com/images/P/0786867612.01.MZZZZZZZ.jpg","2001-12-31 11:00:00 UTC","Hyperion Press","http://images.amazon.com/images/P/0786867612.01.THUMBZZZ.jpg","Nothing to Fall Back On: The Life and Times of a Perpetual Optimist"
"8143","Kyle Mills","0061098035","http://images.amazon.com/images/P/0061098035.01.LZZZZZZZ.jpg","http://images.amazon.com/images/P/0061098035.01.MZZZZZZZ.jpg","2001-12-31 11:00:00 UTC","HarperTorch","http://images.amazon.com/images/P/0061098035.01.THUMBZZZ.jpg","Burn Factor"
"8144","Judith Kelman","0553572105","http://images.amazon.com/images/P/0553572105.01.LZZZZZZZ.jpg","http://images.amazon.com/images/P/0553572105.01.MZZZZZZZ.jpg","1996-12-31 11:00:00 UTC","Bantam Books","http://images.amazon.com/images/P/0553572105.01.THUMBZZZ.jpg","Fly Away Home"
"8145","Martin J. Smith","051512950X","http://images.amazon.com/images/P/051512950X.01.LZZZZZZZ.jpg","http://images.amazon.com/images/P/051512950X.01.MZZZZZZZ.jpg","2000-12-31 11:00:00 UTC","Jove Books","http://images.amazon.com/images/P/051512950X.01.THUMBZZZ.jpg","Straw Men"
"8146","Thomas French","0312926456","http://images.amazon.com/images/P/0312926456.01.LZZZZZZZ.jpg","http://images.amazon.com/images/P/0312926456.01.MZZZZZZZ.jpg","1991-12-31 11:00:00 UTC","St. Martin's Paperbacks","http://images.amazon.com/images/P/0312926456.01.THUMBZZZ.jpg","Unanswered Cries : A True Story Of Friends, Neighbors, And Murder In A Small Town"
"8147","Nancy Taylor Rosenberg","0786889837","http://images.amazon.com/images/P/0786889837.01.LZZZZZZZ.jpg","http://images.amazon.com/images/P/0786889837.01.MZZZZZZZ.jpg","2001-12-31 11:00:00 UTC","Hyperion","http://images.amazon.com/images/P/0786889837.01.THUMBZZZ.jpg","Buried Evidence"
"8148","ANNE TYLER","0804108749","http://images.amazon.com/images/P/0804108749.01.LZZZZZZZ.jpg","http://images.amazon.com/images/P/0804108749.01.MZZZZZZZ.jpg","1991-12-31 11:00:00 UTC","Ivy Books","http://images.amazon.com/images/P/0804108749.01.THUMBZZZ.jpg","Saint Maybe"
"8149","John Sandford","0425121631","http://images.amazon.com/images/P/0425121631.01.LZZZZZZZ.jpg","http://images.amazon.com/images/P/0425121631.01.MZZZZZZZ.jpg","1991-12-31 11:00:00 UTC","Berkley Publishing Group","http://images.amazon.com/images/P/0425121631.01.THUMBZZZ.jpg","Rules of Prey"
"8150","Shelby Yastrow","0804109052","http://images.amazon.com/images/P/0804109052.01.LZZZZZZZ.jpg","http://images.amazon.com/images/P/0804109052.01.MZZZZZZZ.jpg","1991-12-31 11:00:00 UTC","Ivy Books","http://images.amazon.com/images/P/0804109052.01.THUMBZZZ.jpg","Undue Influence"
"8151","STANLEY POTTINGER","0345402308","http://images.amazon.com/images/P/0345402308.01.LZZZZZZZ.jpg","http://images.amazon.com/images/P/0345402308.01.MZZZZZZZ.jpg","1994-12-31 11:00:00 UTC","Ballantine Books","http://images.amazon.com/images/P/0345402308.01.THUMBZZZ.jpg","Fourth Procedure"
"8152","Peter Straub","0451168690","http://images.amazon.com/images/P/0451168690.01.LZZZZZZZ.jpg","http://images.amazon.com/images/P/0451168690.01.MZZZZZZZ.jpg","1996-12-31 11:00:00 UTC","Signet Book","http://images.amazon.com/images/P/0451168690.01.THUMBZZZ.jpg","Mystery"
"8153","Jonathan Kellerman","067945960X","http://images.amazon.com/images/P/067945960X.01.LZZZZZZZ.jpg","http://images.amazon.com/images/P/067945960X.01.MZZZZZZZ.jpg","1998-12-31 11:00:00 UTC","Random House Inc","http://images.amazon.com/images/P/067945960X.01.THUMBZZZ.jpg","Monster: A Novel"
"8154","James Patterson","0316693235","http://images.amazon.com/images/P/0316693235.01.LZZZZZZZ.jpg","http://images.amazon.com/images/P/0316693235.01.MZZZZZZZ.jpg","2000-12-31 11:00:00 UTC","Little, Brown","http://images.amazon.com/images/P/0316693235.01.THUMBZZZ.jpg","Violets Are Blue"
"8155","Catherine Coulter","0451188616","http://images.amazon.com/images/P/0451188616.01.LZZZZZZZ.jpg","http://images.amazon.com/images/P/0451188616.01.MZZZZZZZ.jpg","1995-12-31 11:00:00 UTC","Signet Book","http://images.amazon.com/images/P/0451188616.01.THUMBZZZ.jpg","The Heir"
"8156","Amanda Ashley","050552208X","http://images.amazon.com/images/P/050552208X.01.LZZZZZZZ.jpg","http://images.amazon.com/images/P/050552208X.01.MZZZZZZZ.jpg","1996-12-31 11:00:00 UTC","Love Spell","http://images.amazon.com/images/P/050552208X.01.THUMBZZZ.jpg","A Darker Dream"
"8157","Julia Quinn","0380820846","http://images.amazon.com/images/P/0380820846.01.LZZZZZZZ.jpg","http://images.amazon.com/images/P/0380820846.01.MZZZZZZZ.jpg","2001-12-31 11:00:00 UTC","Avon","http://images.amazon.com/images/P/0380820846.01.THUMBZZZ.jpg","Romancing Mister Bridgerton"
"8158","Dean R. Koontz","0425153975","http://images.amazon.com/images/P/0425153975.01.LZZZZZZZ.jpg","http://images.amazon.com/images/P/0425153975.01.MZZZZZZZ.jpg","1995-12-31 11:00:00 UTC","Berkley Publishing Group","http://images.amazon.com/images/P/0425153975.01.THUMBZZZ.jpg","The Eyes of Darkness"
"8159","Robin Cook","0425119653","http://images.amazon.com/images/P/0425119653.01.LZZZZZZZ.jpg","http://images.amazon.com/images/P/0425119653.01.MZZZZZZZ.jpg","1990-12-31 11:00:00 UTC","Berkley Publishing Group","http://images.amazon.com/images/P/0425119653.01.THUMBZZZ.jpg","Mutation"
"8160","Iris Johansen","0553579983","http://images.amazon.com/images/P/0553579983.01.LZZZZZZZ.jpg","http://images.amazon.com/images/P/0553579983.01.MZZZZZZZ.jpg","1997-12-31 11:00:00 UTC","Bantam","http://images.amazon.com/images/P/0553579983.01.THUMBZZZ.jpg","And Then You Die"
"8161","Patricia Cornwell","0399149325","http://images.amazon.com/images/P/0399149325.01.LZZZZZZZ.jpg","http://images.amazon.com/images/P/0399149325.01.MZZZZZZZ.jpg","2001-12-31 11:00:00 UTC","G. P. Putnam's Sons","http://images.amazon.com/images/P/0399149325.01.THUMBZZZ.jpg","Portrait of a Killer: Jack the Ripper -- Case Closed"
"8162","David Wiltse","042515971X","http://images.amazon.com/images/P/042515971X.01.LZZZZZZZ.jpg","http://images.amazon.com/images/P/042515971X.01.MZZZZZZZ.jpg","1996-12-31 11:00:00 UTC","Berkley Publishing Group","http://images.amazon.com/images/P/042515971X.01.THUMBZZZ.jpg","Blown Away"
"8163","Sonia Icilyn","1583144269","http://images.amazon.com/images/P/1583144269.01.LZZZZZZZ.jpg","http://images.amazon.com/images/P/1583144269.01.MZZZZZZZ.jpg","2002-12-31 11:00:00 UTC","Bet Books","http://images.amazon.com/images/P/1583144269.01.THUMBZZZ.jpg","Smitten"
"8164","Kasey Michaels","0446610852","http://images.amazon.com/images/P/0446610852.01.LZZZZZZZ.jpg","http://images.amazon.com/images/P/0446610852.01.MZZZZZZZ.jpg","2002-12-31 11:00:00 UTC","Warner Forever","http://images.amazon.com/images/P/0446610852.01.THUMBZZZ.jpg","The Kissing Game"
"8165","Judi McCoy","0821771426","http://images.amazon.com/images/P/0821771426.01.LZZZZZZZ.jpg","http://images.amazon.com/images/P/0821771426.01.MZZZZZZZ.jpg","2001-12-31 11:00:00 UTC","Zebra Books","http://images.amazon.com/images/P/0821771426.01.THUMBZZZ.jpg","Say You're Mine"
"8166","Jude Deveraux","0671744577","http://images.amazon.com/images/P/0671744577.01.LZZZZZZZ.jpg","http://images.amazon.com/images/P/0671744577.01.MZZZZZZZ.jpg","1991-12-31 11:00:00 UTC","Pocket","http://images.amazon.com/images/P/0671744577.01.THUMBZZZ.jpg","Eternity"
"8167","Richard Harris","0373261047","http://images.amazon.com/images/P/0373261047.01.LZZZZZZZ.jpg","http://images.amazon.com/images/P/0373261047.01.MZZZZZZZ.jpg","1991-12-31 11:00:00 UTC","Worldwide Library","http://images.amazon.com/images/P/0373261047.01.THUMBZZZ.jpg","Real Murders"
"8168","Kathy Reichs","0743233468","http://images.amazon.com/images/P/0743233468.01.LZZZZZZZ.jpg","http://images.amazon.com/images/P/0743233468.01.MZZZZZZZ.jpg","2002-12-31 11:00:00 UTC","Scribner","http://images.amazon.com/images/P/0743233468.01.THUMBZZZ.jpg","Bare Bones : A Novel"
"8169","Amy Tan","0804114986","http://images.amazon.com/images/P/0804114986.01.LZZZZZZZ.jpg","http://images.amazon.com/images/P/0804114986.01.MZZZZZZZ.jpg","2001-12-31 11:00:00 UTC","Ballantine Books","http://images.amazon.com/images/P/0804114986.01.THUMBZZZ.jpg","The Bonesetter's Daughter"
"8170","Susan Elizabeth Phillips","0380808072","http://images.amazon.com/images/P/0380808072.01.LZZZZZZZ.jpg","http://images.amazon.com/images/P/0380808072.01.MZZZZZZZ.jpg","1999-12-31 11:00:00 UTC","Avon","http://images.amazon.com/images/P/0380808072.01.THUMBZZZ.jpg","First Lady"
"8171","Ann Rule","067179356X","http://images.amazon.com/images/P/067179356X.01.LZZZZZZZ.jpg","http://images.amazon.com/images/P/067179356X.01.MZZZZZZZ.jpg","1997-12-31 11:00:00 UTC","Pocket","http://images.amazon.com/images/P/067179356X.01.THUMBZZZ.jpg","In the Name of Love : Ann Rule's Crime Files Volume 4 (Ann Rule's Crime Files)"
"8172","Kathleen J. Reichs","0743410505","http://images.amazon.com/images/P/0743410505.01.LZZZZZZZ.jpg","http://images.amazon.com/images/P/0743410505.01.MZZZZZZZ.jpg","2000-12-31 11:00:00 UTC","Pocket Books","http://images.amazon.com/images/P/0743410505.01.THUMBZZZ.jpg","Deadly Decisions"
"8173","Johanna Lindsey","0380750848","http://images.amazon.com/images/P/0380750848.01.LZZZZZZZ.jpg","http://images.amazon.com/images/P/0380750848.01.MZZZZZZZ.jpg","1985-12-31 11:00:00 UTC","Avon","http://images.amazon.com/images/P/0380750848.01.THUMBZZZ.jpg","A Heart So Wild"
"8174","Suzanne Forster","0425151883","http://images.amazon.com/images/P/0425151883.01.LZZZZZZZ.jpg","http://images.amazon.com/images/P/0425151883.01.MZZZZZZZ.jpg","1995-12-31 11:00:00 UTC","Berkley Publishing Group","http://images.amazon.com/images/P/0425151883.01.THUMBZZZ.jpg","Blush"
"8175","Sandra Brown","0446611808","http://images.amazon.com/images/P/0446611808.01.LZZZZZZZ.jpg","http://images.amazon.com/images/P/0446611808.01.MZZZZZZZ.jpg","2001-12-31 11:00:00 UTC","Warner Books","http://images.amazon.com/images/P/0446611808.01.THUMBZZZ.jpg","Envy"
"8176","Alton Gansky","0310220033","http://images.amazon.com/images/P/0310220033.01.LZZZZZZZ.jpg","http://images.amazon.com/images/P/0310220033.01.MZZZZZZZ.jpg","1999-12-31 11:00:00 UTC","Zondervan Publishing Company","http://images.amazon.com/images/P/0310220033.01.THUMBZZZ.jpg","Vanished"
"8177","Amanda Quick","0553583360","http://images.amazon.com/images/P/0553583360.01.LZZZZZZZ.jpg","http://images.amazon.com/images/P/0553583360.01.MZZZZZZZ.jpg","2001-12-31 11:00:00 UTC","Bantam Books","http://images.amazon.com/images/P/0553583360.01.THUMBZZZ.jpg","Slightly Shady"
"8178","David Morrell","0446600709","http://images.amazon.com/images/P/0446600709.01.LZZZZZZZ.jpg","http://images.amazon.com/images/P/0446600709.01.MZZZZZZZ.jpg","1993-12-31 11:00:00 UTC","Warner Books","http://images.amazon.com/images/P/0446600709.01.THUMBZZZ.jpg","Assumed Identity"
"8179","Philip Kerr","0671019929","http://images.amazon.com/images/P/0671019929.01.LZZZZZZZ.jpg","http://images.amazon.com/images/P/0671019929.01.MZZZZZZZ.jpg","1997-12-31 11:00:00 UTC","Pocket","http://images.amazon.com/images/P/0671019929.01.THUMBZZZ.jpg","ESAU"
"8180","Jennifer Blake","044915002X","http://images.amazon.com/images/P/044915002X.01.LZZZZZZZ.jpg","http://images.amazon.com/images/P/044915002X.01.MZZZZZZZ.jpg","1996-12-31 11:00:00 UTC","Ivy Books","http://images.amazon.com/images/P/044915002X.01.THUMBZZZ.jpg","Shameless"
"8181","Nora Roberts","0425178579","http://images.amazon.com/images/P/0425178579.01.LZZZZZZZ.jpg","http://images.amazon.com/images/P/0425178579.01.MZZZZZZZ.jpg","2000-12-31 11:00:00 UTC","Berkley Publishing Group","http://images.amazon.com/images/P/0425178579.01.THUMBZZZ.jpg","Betrayal in Death"
"8182","Jane Smiley","0449907953","http://images.amazon.com/images/P/0449907953.01.LZZZZZZZ.jpg","http://images.amazon.com/images/P/0449907953.01.MZZZZZZZ.jpg","1991-12-31 11:00:00 UTC","Ballantine Books","http://images.amazon.com/images/P/0449907953.01.THUMBZZZ.jpg","The Age of Grief"
"8183","Stef Ann Holm","1551669498","http://images.amazon.com/images/P/1551669498.01.LZZZZZZZ.jpg","http://images.amazon.com/images/P/1551669498.01.MZZZZZZZ.jpg","2001-12-31 11:00:00 UTC","Mira","http://images.amazon.com/images/P/1551669498.01.THUMBZZZ.jpg","Girls Night"
"8184","Kasey Michaels","038081448X","http://images.amazon.com/images/P/038081448X.01.LZZZZZZZ.jpg","http://images.amazon.com/images/P/038081448X.01.MZZZZZZZ.jpg","1982-12-31 11:00:00 UTC","Avon Books","http://images.amazon.com/images/P/038081448X.01.THUMBZZZ.jpg","The Rambunctious Lady Royston"
"8185","Julian Symons","0140069135","http://images.amazon.com/images/P/0140069135.01.LZZZZZZZ.jpg","http://images.amazon.com/images/P/0140069135.01.MZZZZZZZ.jpg","1984-12-31 11:00:00 UTC","Penguin USA","http://images.amazon.com/images/P/0140069135.01.THUMBZZZ.jpg","The Name of Annabel Lee (Crime Monthly)"
"8186","Better Homes and Gardens","0696214563","http://images.amazon.com/images/P/0696214563.01.LZZZZZZZ.jpg","http://images.amazon.com/images/P/0696214563.01.MZZZZZZZ.jpg","2000-12-31 11:00:00 UTC","Better Homes and Gardens Books","http://images.amazon.com/images/P/0696214563.01.THUMBZZZ.jpg","Making a Home"
"8187","Franklin W. Dixon","044808919X","http://images.amazon.com/images/P/044808919X.01.LZZZZZZZ.jpg","http://images.amazon.com/images/P/044808919X.01.MZZZZZZZ.jpg","1939-12-31 12:00:00 UTC","Grosset &amp; Dunlap","http://images.amazon.com/images/P/044808919X.01.THUMBZZZ.jpg","Disappearing Floor (Hardy Boys Mystery Stories)"
"8188","Franklin W. Dixon","0448089165","http://images.amazon.com/images/P/0448089165.01.LZZZZZZZ.jpg","http://images.amazon.com/images/P/0448089165.01.MZZZZZZZ.jpg","1936-12-31 12:00:00 UTC","Grosset &amp; Dunlap","http://images.amazon.com/images/P/0448089165.01.THUMBZZZ.jpg","Figure in Hiding (The Hardy Boys 16)"
"8189","Prabhavananda","0451626079","http://images.amazon.com/images/P/0451626079.01.LZZZZZZZ.jpg","http://images.amazon.com/images/P/0451626079.01.MZZZZZZZ.jpg","1989-12-31 11:00:00 UTC","Signet Book","http://images.amazon.com/images/P/0451626079.01.THUMBZZZ.jpg","The Upanishads"
"8190","G &amp; R Publishing","1563831236","http://images.amazon.com/images/P/1563831236.01.LZZZZZZZ.jpg","http://images.amazon.com/images/P/1563831236.01.MZZZZZZZ.jpg","2000-12-31 11:00:00 UTC","Cq Products","http://images.amazon.com/images/P/1563831236.01.THUMBZZZ.jpg","Gifts in a Jar: Bars &amp; Brownies"
"8191","G &amp; R Publishing","156383121X","http://images.amazon.com/images/P/156383121X.01.LZZZZZZZ.jpg","http://images.amazon.com/images/P/156383121X.01.MZZZZZZZ.jpg","2000-12-31 11:00:00 UTC","Cq Products","http://images.amazon.com/images/P/156383121X.01.THUMBZZZ.jpg","Gifts in a Jar: Cookies"
"8192","Betty Crocker","0028620666","http://images.amazon.com/images/P/0028620666.01.LZZZZZZZ.jpg","http://images.amazon.com/images/P/0028620666.01.MZZZZZZZ.jpg","1996-12-31 11:00:00 UTC","Betty Crocker","http://images.amazon.com/images/P/0028620666.01.THUMBZZZ.jpg","Betty Crocker's Best of Baking : More Than 350 of America's Favorite Recipes"
"8193","Claire Folkard","1892051176","http://images.amazon.com/images/P/1892051176.01.LZZZZZZZ.jpg","http://images.amazon.com/images/P/1892051176.01.MZZZZZZZ.jpg","2001-12-31 11:00:00 UTC","Guinness World Records Ltd.","http://images.amazon.com/images/P/1892051176.01.THUMBZZZ.jpg","Guinness World Records 2003 (Guinness World Records)"
"8194","Abby Kanter","0877201358","http://images.amazon.com/images/P/0877201358.01.LZZZZZZZ.jpg","http://images.amazon.com/images/P/0877201358.01.MZZZZZZZ.jpg","1993-12-31 11:00:00 UTC","Amsco School Pubns Inc","http://images.amazon.com/images/P/0877201358.01.THUMBZZZ.jpg","La Gran Aventura de Alejandro (R 576 P)"
"8195","Raymond H. Pierson","0844273252","http://images.amazon.com/images/P/0844273252.01.LZZZZZZZ.jpg","http://images.amazon.com/images/P/0844273252.01.MZZZZZZZ.jpg","1984-12-31 11:00:00 UTC","McGraw-Hill","http://images.amazon.com/images/P/0844273252.01.THUMBZZZ.jpg","Guide to Spanish Idioms"
"8196","Phil Gross","0201741644","http://images.amazon.com/images/P/0201741644.01.LZZZZZZZ.jpg","http://images.amazon.com/images/P/0201741644.01.MZZZZZZZ.jpg","2000-12-31 11:00:00 UTC","Macromedia Press","http://images.amazon.com/images/P/0201741644.01.THUMBZZZ.jpg","Macromedia Director 8.5 Shockwave Studio for 3D: Training from the Source"
"8197","Nilo Cruz","1559362324","http://images.amazon.com/images/P/1559362324.01.LZZZZZZZ.jpg","http://images.amazon.com/images/P/1559362324.01.MZZZZZZZ.jpg","2002-12-31 11:00:00 UTC","Theatre Communications Group","http://images.amazon.com/images/P/1559362324.01.THUMBZZZ.jpg","Anna in the Tropics"
"8198","Stephen Baxter","0345430786","http://images.amazon.com/images/P/0345430786.01.LZZZZZZZ.jpg","http://images.amazon.com/images/P/0345430786.01.MZZZZZZZ.jpg","2001-12-31 11:00:00 UTC","Del Rey Books","http://images.amazon.com/images/P/0345430786.01.THUMBZZZ.jpg","Manifold: Space (Manifold (Paperback))"
"8199","James Patterson","0316710571","http://images.amazon.com/images/P/0316710571.01.LZZZZZZZ.jpg","http://images.amazon.com/images/P/0316710571.01.MZZZZZZZ.jpg","2003-12-31 11:00:00 UTC","Little, Brown","http://images.amazon.com/images/P/0316710571.01.THUMBZZZ.jpg","Sam's Letters to Jennifer"
"8200","Reed Arvin","0060555513","http://images.amazon.com/images/P/0060555513.01.LZZZZZZZ.jpg","http://images.amazon.com/images/P/0060555513.01.MZZZZZZZ.jpg","2003-12-31 11:00:00 UTC","HarperCollins","http://images.amazon.com/images/P/0060555513.01.THUMBZZZ.jpg","The Last Goodbye"
"8201","David Rosenfelt","0892967544","http://images.amazon.com/images/P/0892967544.01.LZZZZZZZ.jpg","http://images.amazon.com/images/P/0892967544.01.MZZZZZZZ.jpg","2002-12-31 11:00:00 UTC","Mysterious Press","http://images.amazon.com/images/P/0892967544.01.THUMBZZZ.jpg","First Degree"
"8202","Giles Blunt","0399148655","http://images.amazon.com/images/P/0399148655.01.LZZZZZZZ.jpg","http://images.amazon.com/images/P/0399148655.01.MZZZZZZZ.jpg","2002-12-31 11:00:00 UTC","Marian Wood Book","http://images.amazon.com/images/P/0399148655.01.THUMBZZZ.jpg","The Delicate Storm (Marian Wood Book)"
"9815","Paula Volsky","0553560220","http://images.amazon.com/images/P/0553560220.01.LZZZZZZZ.jpg","http://images.amazon.com/images/P/0553560220.01.MZZZZZZZ.jpg","1992-12-31 11:00:00 UTC","Bantam Books","http://images.amazon.com/images/P/0553560220.01.THUMBZZZ.jpg","Illusion"
"8203","Joseph Finder","0312319142","http://images.amazon.com/images/P/0312319142.01.LZZZZZZZ.jpg","http://images.amazon.com/images/P/0312319142.01.MZZZZZZZ.jpg","2003-12-31 11:00:00 UTC","St. Martin's Press","http://images.amazon.com/images/P/0312319142.01.THUMBZZZ.jpg","Paranoia : A Novel"
"8204","STEPHEN FREY","0345457587","http://images.amazon.com/images/P/0345457587.01.LZZZZZZZ.jpg","http://images.amazon.com/images/P/0345457587.01.MZZZZZZZ.jpg","2003-12-31 11:00:00 UTC","Ballantine Books","http://images.amazon.com/images/P/0345457587.01.THUMBZZZ.jpg","Shadow Account (Frey, Stephen)"
"8205","LINDA HOWARD","0345453417","http://images.amazon.com/images/P/0345453417.01.LZZZZZZZ.jpg","http://images.amazon.com/images/P/0345453417.01.MZZZZZZZ.jpg","2002-12-31 11:00:00 UTC","Ballantine Books","http://images.amazon.com/images/P/0345453417.01.THUMBZZZ.jpg","Cry No More (Howard, Linda)"
"8206","Austin Clarke","0060555653","http://images.amazon.com/images/P/0060555653.01.LZZZZZZZ.jpg","http://images.amazon.com/images/P/0060555653.01.MZZZZZZZ.jpg","2002-12-31 11:00:00 UTC","Amistad","http://images.amazon.com/images/P/0060555653.01.THUMBZZZ.jpg","The Polished Hoe"
"8207","Walter Mosley","0316591122","http://images.amazon.com/images/P/0316591122.01.LZZZZZZZ.jpg","http://images.amazon.com/images/P/0316591122.01.MZZZZZZZ.jpg","2002-12-31 11:00:00 UTC","Little, Brown","http://images.amazon.com/images/P/0316591122.01.THUMBZZZ.jpg","Fear Itself: A Fearless Jones Novel"
"8208","Frederick Forsyth","0312319517","http://images.amazon.com/images/P/0312319517.01.LZZZZZZZ.jpg","http://images.amazon.com/images/P/0312319517.01.MZZZZZZZ.jpg","2002-12-31 11:00:00 UTC","Thomas Dunne Books","http://images.amazon.com/images/P/0312319517.01.THUMBZZZ.jpg","Avenger (Forsyth, Frederick)"
"8209","Sue Henry","0380978830","http://images.amazon.com/images/P/0380978830.01.LZZZZZZZ.jpg","http://images.amazon.com/images/P/0380978830.01.MZZZZZZZ.jpg","2002-12-31 11:00:00 UTC","William Morrow","http://images.amazon.com/images/P/0380978830.01.THUMBZZZ.jpg","Death Trap : An Alaska Mystery (Henry, Sue)"
"8210","STEPHEN WHITE","0385336209","http://images.amazon.com/images/P/0385336209.01.LZZZZZZZ.jpg","http://images.amazon.com/images/P/0385336209.01.MZZZZZZZ.jpg","2003-12-31 11:00:00 UTC","Delacorte Press","http://images.amazon.com/images/P/0385336209.01.THUMBZZZ.jpg","Blinded (White, Stephen)"
"8211","LISA GARDNER","0553802526","http://images.amazon.com/images/P/0553802526.01.LZZZZZZZ.jpg","http://images.amazon.com/images/P/0553802526.01.MZZZZZZZ.jpg","2002-12-31 11:00:00 UTC","Bantam","http://images.amazon.com/images/P/0553802526.01.THUMBZZZ.jpg","The Killing Hour"
"8212","David Morrell","0446530689","http://images.amazon.com/images/P/0446530689.01.LZZZZZZZ.jpg","http://images.amazon.com/images/P/0446530689.01.MZZZZZZZ.jpg","2002-12-31 11:00:00 UTC","Warner Books","http://images.amazon.com/images/P/0446530689.01.THUMBZZZ.jpg","The Protector"
"8213","Sara Paretsky","0399150854","http://images.amazon.com/images/P/0399150854.01.LZZZZZZZ.jpg","http://images.amazon.com/images/P/0399150854.01.MZZZZZZZ.jpg","2002-12-31 11:00:00 UTC","Putnam Publishing Group","http://images.amazon.com/images/P/0399150854.01.THUMBZZZ.jpg","Blacklist: A V.I. Warshawski Novel"
"8214","Elmore Leonard","0060083956","http://images.amazon.com/images/P/0060083956.01.LZZZZZZZ.jpg","http://images.amazon.com/images/P/0060083956.01.MZZZZZZZ.jpg","2003-12-31 11:00:00 UTC","William Morrow","http://images.amazon.com/images/P/0060083956.01.THUMBZZZ.jpg","Mr. Paradise:  A Novel"
"8215","Lincoln Child","0446531421","http://images.amazon.com/images/P/0446531421.01.LZZZZZZZ.jpg","http://images.amazon.com/images/P/0446531421.01.MZZZZZZZ.jpg","2002-12-31 11:00:00 UTC","Warner Books","http://images.amazon.com/images/P/0446531421.01.THUMBZZZ.jpg","Still Life With Crows"
"8216","Dana Stabenow","0312306814","http://images.amazon.com/images/P/0312306814.01.LZZZZZZZ.jpg","http://images.amazon.com/images/P/0312306814.01.MZZZZZZZ.jpg","2002-12-31 11:00:00 UTC","St. Martin's Minotaur","http://images.amazon.com/images/P/0312306814.01.THUMBZZZ.jpg","A Grave Denied: A Kate Shugak Novel"
"8217","James W. Hall","0312271786","http://images.amazon.com/images/P/0312271786.01.LZZZZZZZ.jpg","http://images.amazon.com/images/P/0312271786.01.MZZZZZZZ.jpg","2002-12-31 11:00:00 UTC","St. Martin's Minotaur","http://images.amazon.com/images/P/0312271786.01.THUMBZZZ.jpg","Off the Chart: A Novel"
"8218","Robert B. Parker","0399150870","http://images.amazon.com/images/P/0399150870.01.LZZZZZZZ.jpg","http://images.amazon.com/images/P/0399150870.01.MZZZZZZZ.jpg","2002-12-31 11:00:00 UTC","Putnam Publishing Group","http://images.amazon.com/images/P/0399150870.01.THUMBZZZ.jpg","Stone Cold: A Jesse Stone Novel"
"8219","Stuart Woods","0399149821","http://images.amazon.com/images/P/0399149821.01.LZZZZZZZ.jpg","http://images.amazon.com/images/P/0399149821.01.MZZZZZZZ.jpg","2002-12-31 11:00:00 UTC","Putnam Publishing Group","http://images.amazon.com/images/P/0399149821.01.THUMBZZZ.jpg","Dirty Work"
"8220","Dean Koontz","0553802496","http://images.amazon.com/images/P/0553802496.01.LZZZZZZZ.jpg","http://images.amazon.com/images/P/0553802496.01.MZZZZZZZ.jpg","2002-12-31 11:00:00 UTC","Bantam","http://images.amazon.com/images/P/0553802496.01.THUMBZZZ.jpg","Odd Thomas"
"8221","JONATHAN KELLERMAN","0345452577","http://images.amazon.com/images/P/0345452577.01.LZZZZZZZ.jpg","http://images.amazon.com/images/P/0345452577.01.MZZZZZZZ.jpg","2002-12-31 11:00:00 UTC","Ballantine Books","http://images.amazon.com/images/P/0345452577.01.THUMBZZZ.jpg","The Conspiracy Club"
"8222","P.D. JAMES","1400041414","http://images.amazon.com/images/P/1400041414.01.LZZZZZZZ.jpg","http://images.amazon.com/images/P/1400041414.01.MZZZZZZZ.jpg","2002-12-31 11:00:00 UTC","Knopf","http://images.amazon.com/images/P/1400041414.01.THUMBZZZ.jpg","The Murder Room"
"8223","Virginia Lanier","0060193883","http://images.amazon.com/images/P/0060193883.01.LZZZZZZZ.jpg","http://images.amazon.com/images/P/0060193883.01.MZZZZZZZ.jpg","2002-12-31 11:00:00 UTC","HarperCollins","http://images.amazon.com/images/P/0060193883.01.THUMBZZZ.jpg","A Bloodhound to Die For"
"8224","V.C. Andrews","0743428684","http://images.amazon.com/images/P/0743428684.01.LZZZZZZZ.jpg","http://images.amazon.com/images/P/0743428684.01.MZZZZZZZ.jpg","2002-12-31 11:00:00 UTC","Pocket","http://images.amazon.com/images/P/0743428684.01.THUMBZZZ.jpg","Midnight Flight (Ay Adult - Andrews)"
"8225","Richard Paul Evans","0525947655","http://images.amazon.com/images/P/0525947655.01.LZZZZZZZ.jpg","http://images.amazon.com/images/P/0525947655.01.MZZZZZZZ.jpg","2002-12-31 11:00:00 UTC","Dutton Books","http://images.amazon.com/images/P/0525947655.01.THUMBZZZ.jpg","A Perfect Day"
"8226","Robert Ludlum","0312316690","http://images.amazon.com/images/P/0312316690.01.LZZZZZZZ.jpg","http://images.amazon.com/images/P/0312316690.01.MZZZZZZZ.jpg","2002-12-31 11:00:00 UTC","St. Martin's Press","http://images.amazon.com/images/P/0312316690.01.THUMBZZZ.jpg","The Tristan Betrayal (Ludlum, Robert)"
"8227","James Grippando","0060005556","http://images.amazon.com/images/P/0060005556.01.LZZZZZZZ.jpg","http://images.amazon.com/images/P/0060005556.01.MZZZZZZZ.jpg","2002-12-31 11:00:00 UTC","HarperCollins","http://images.amazon.com/images/P/0060005556.01.THUMBZZZ.jpg","Last to Die (Grippando, James)"
"8228","Stephen J. Cannell","0312304269","http://images.amazon.com/images/P/0312304269.01.LZZZZZZZ.jpg","http://images.amazon.com/images/P/0312304269.01.MZZZZZZZ.jpg","2002-12-31 11:00:00 UTC","St. Martin's Press","http://images.amazon.com/images/P/0312304269.01.THUMBZZZ.jpg","Runaway Heart: A Novel"
"8229","Robin Cook","0399148760","http://images.amazon.com/images/P/0399148760.01.LZZZZZZZ.jpg","http://images.amazon.com/images/P/0399148760.01.MZZZZZZZ.jpg","2002-12-31 11:00:00 UTC","Putnam Publishing Group","http://images.amazon.com/images/P/0399148760.01.THUMBZZZ.jpg","Seizure"
"8230","James Patterson","0316603287","http://images.amazon.com/images/P/0316603287.01.LZZZZZZZ.jpg","http://images.amazon.com/images/P/0316603287.01.MZZZZZZZ.jpg","2002-12-31 11:00:00 UTC","Little, Brown","http://images.amazon.com/images/P/0316603287.01.THUMBZZZ.jpg","The Lake House"
"8231","Robert B. Parker","0399145664","http://images.amazon.com/images/P/0399145664.01.LZZZZZZZ.jpg","http://images.amazon.com/images/P/0399145664.01.MZZZZZZZ.jpg","1998-12-31 11:00:00 UTC","Putnam Pub Group","http://images.amazon.com/images/P/0399145664.01.THUMBZZZ.jpg","Family Honor"
"8232","Dave Barry","0425178102","http://images.amazon.com/images/P/0425178102.01.LZZZZZZZ.jpg","http://images.amazon.com/images/P/0425178102.01.MZZZZZZZ.jpg","2000-12-31 11:00:00 UTC","Berkley Publishing Group","http://images.amazon.com/images/P/0425178102.01.THUMBZZZ.jpg","Big Trouble"
"8233","Connie Willis","0553580515","http://images.amazon.com/images/P/0553580515.01.LZZZZZZZ.jpg","http://images.amazon.com/images/P/0553580515.01.MZZZZZZZ.jpg","2001-12-31 11:00:00 UTC","Bantam Books","http://images.amazon.com/images/P/0553580515.01.THUMBZZZ.jpg","Passage"
"8234","Christy Brown","0749301015","http://images.amazon.com/images/P/0749301015.01.LZZZZZZZ.jpg","http://images.amazon.com/images/P/0749301015.01.MZZZZZZZ.jpg","1990-12-31 11:00:00 UTC","Heinemann","http://images.amazon.com/images/P/0749301015.01.THUMBZZZ.jpg","My Left Foot"
"8235","Hugh Cook","0445204222","http://images.amazon.com/images/P/0445204222.01.LZZZZZZZ.jpg","http://images.amazon.com/images/P/0445204222.01.MZZZZZZZ.jpg","1986-12-31 11:00:00 UTC","Warner Books","http://images.amazon.com/images/P/0445204222.01.THUMBZZZ.jpg","Wizard War"
"8236","Alien Stevens","1930252501","http://images.amazon.com/images/P/1930252501.01.LZZZZZZZ.jpg","http://images.amazon.com/images/P/1930252501.01.MZZZZZZZ.jpg","2001-12-31 11:00:00 UTC","Pagefree Publishing","http://images.amazon.com/images/P/1930252501.01.THUMBZZZ.jpg","The Brink"
"8237","W. E. B. Griffin","0515123293","http://images.amazon.com/images/P/0515123293.01.LZZZZZZZ.jpg","http://images.amazon.com/images/P/0515123293.01.MZZZZZZZ.jpg","1997-12-31 11:00:00 UTC","Jove Books","http://images.amazon.com/images/P/0515123293.01.THUMBZZZ.jpg","The Last Heroes (Men at War (Paperback Jove))"
"8238","Stephen Coonts","0312985207","http://images.amazon.com/images/P/0312985207.01.LZZZZZZZ.jpg","http://images.amazon.com/images/P/0312985207.01.MZZZZZZZ.jpg","2002-12-31 11:00:00 UTC","St. Martin's Paperbacks","http://images.amazon.com/images/P/0312985207.01.THUMBZZZ.jpg","Stephen Coonts' Deep Black (Deep Black)"
"8239","John J. Nance","0449220354","http://images.amazon.com/images/P/0449220354.01.LZZZZZZZ.jpg","http://images.amazon.com/images/P/0449220354.01.MZZZZZZZ.jpg","1993-12-31 11:00:00 UTC","Fawcett Books","http://images.amazon.com/images/P/0449220354.01.THUMBZZZ.jpg","Final Approach"
"8240","Matthew Reilly","0312981260","http://images.amazon.com/images/P/0312981260.01.LZZZZZZZ.jpg","http://images.amazon.com/images/P/0312981260.01.MZZZZZZZ.jpg","2001-12-31 11:00:00 UTC","St. Martin's Paperbacks","http://images.amazon.com/images/P/0312981260.01.THUMBZZZ.jpg","Temple"
"8241","William Kent Krueger","067104754X","http://images.amazon.com/images/P/067104754X.01.LZZZZZZZ.jpg","http://images.amazon.com/images/P/067104754X.01.MZZZZZZZ.jpg","2001-12-31 11:00:00 UTC","Pocket Star","http://images.amazon.com/images/P/067104754X.01.THUMBZZZ.jpg","Purgatory Ridge (Cork O'Connor Mysteries)"
"8242","Michael Macdonald Mooney","0385144741","http://images.amazon.com/images/P/0385144741.01.LZZZZZZZ.jpg","http://images.amazon.com/images/P/0385144741.01.MZZZZZZZ.jpg","1978-12-31 11:00:00 UTC","Doubleday","http://images.amazon.com/images/P/0385144741.01.THUMBZZZ.jpg","Memento"
"8243","Allen Drury","0385144342","http://images.amazon.com/images/P/0385144342.01.LZZZZZZZ.jpg","http://images.amazon.com/images/P/0385144342.01.MZZZZZZZ.jpg","1978-12-31 11:00:00 UTC","Doubleday","http://images.amazon.com/images/P/0385144342.01.THUMBZZZ.jpg","Mark Coffin, U.S.S: A novel of Capitol Hill"
"8244","Michael Darkow","0595175686","http://images.amazon.com/images/P/0595175686.01.LZZZZZZZ.jpg","http://images.amazon.com/images/P/0595175686.01.MZZZZZZZ.jpg","2000-12-31 11:00:00 UTC","Authors Choice Press","http://images.amazon.com/images/P/0595175686.01.THUMBZZZ.jpg","The Bridge"
"8245","Maria Elena Morgan","1594082316","http://images.amazon.com/images/P/1594082316.01.LZZZZZZZ.jpg","http://images.amazon.com/images/P/1594082316.01.MZZZZZZZ.jpg","2002-12-31 11:00:00 UTC","Cork Hill Press","http://images.amazon.com/images/P/1594082316.01.THUMBZZZ.jpg","New England Interlude"
"8246","Maria Elena Morgan","1410777057","http://images.amazon.com/images/P/1410777057.01.LZZZZZZZ.jpg","http://images.amazon.com/images/P/1410777057.01.MZZZZZZZ.jpg","2002-12-31 11:00:00 UTC","Authorhouse","http://images.amazon.com/images/P/1410777057.01.THUMBZZZ.jpg","Hidden Agendas"
"8247","Murray Bail","0374172471","http://images.amazon.com/images/P/0374172471.01.LZZZZZZZ.jpg","http://images.amazon.com/images/P/0374172471.01.MZZZZZZZ.jpg","1998-12-31 11:00:00 UTC","Farrar, Straus and Giroux","http://images.amazon.com/images/P/0374172471.01.THUMBZZZ.jpg","Homesickness : A Novel"
"8248","Banana Yoshimoto","2070394867","http://images.amazon.com/images/P/2070394867.01.LZZZZZZZ.jpg","http://images.amazon.com/images/P/2070394867.01.MZZZZZZZ.jpg","1995-12-31 11:00:00 UTC","Gallimard","http://images.amazon.com/images/P/2070394867.01.THUMBZZZ.jpg","Kitchen"
"8249","Jim Karas","0609807420","http://images.amazon.com/images/P/0609807420.01.LZZZZZZZ.jpg","http://images.amazon.com/images/P/0609807420.01.MZZZZZZZ.jpg","2000-12-31 11:00:00 UTC","Three Rivers Press (CA)","http://images.amazon.com/images/P/0609807420.01.THUMBZZZ.jpg","The Business Plan for the Body"
"8250","Whitley Strieber","0425122956","http://images.amazon.com/images/P/0425122956.01.LZZZZZZZ.jpg","http://images.amazon.com/images/P/0425122956.01.MZZZZZZZ.jpg","1989-12-31 11:00:00 UTC","Berkley Publishing Group","http://images.amazon.com/images/P/0425122956.01.THUMBZZZ.jpg","Majestic"
"8251","Greg Iles","0451208765","http://images.amazon.com/images/P/0451208765.01.LZZZZZZZ.jpg","http://images.amazon.com/images/P/0451208765.01.MZZZZZZZ.jpg","2002-12-31 11:00:00 UTC","Signet Book","http://images.amazon.com/images/P/0451208765.01.THUMBZZZ.jpg","Sleep No More"
"8252","J.R.R. Tolkien","0618129022","http://images.amazon.com/images/P/0618129022.01.LZZZZZZZ.jpg","http://images.amazon.com/images/P/0618129022.01.MZZZZZZZ.jpg","2000-12-31 11:00:00 UTC","Houghton Mifflin Company","http://images.amazon.com/images/P/0618129022.01.THUMBZZZ.jpg","The Lord of the Rings (Movie Art Cover)"
"8253","LAURELL K. HAMILTON","0345423402","http://images.amazon.com/images/P/0345423402.01.LZZZZZZZ.jpg","http://images.amazon.com/images/P/0345423402.01.MZZZZZZZ.jpg","2001-12-31 11:00:00 UTC","Ballantine Books","http://images.amazon.com/images/P/0345423402.01.THUMBZZZ.jpg","A Kiss of Shadows (Meredith Gentry Novels (Paperback))"
"8254","LAURELL K. HAMILTON","0345423429","http://images.amazon.com/images/P/0345423429.01.LZZZZZZZ.jpg","http://images.amazon.com/images/P/0345423429.01.MZZZZZZZ.jpg","2002-12-31 11:00:00 UTC","Fawcett","http://images.amazon.com/images/P/0345423429.01.THUMBZZZ.jpg","A Caress of Twilight (Meredith Gentry Novels (Paperback))"
"8255","LAURELL K. HAMILTON","034544356X","http://images.amazon.com/images/P/034544356X.01.LZZZZZZZ.jpg","http://images.amazon.com/images/P/034544356X.01.MZZZZZZZ.jpg","2003-12-31 11:00:00 UTC","Ballantine Books","http://images.amazon.com/images/P/034544356X.01.THUMBZZZ.jpg","Seduced By Moonlight (Hamilton, Laurell K)"
"8256","Greg Iles","0743454146","http://images.amazon.com/images/P/0743454146.01.LZZZZZZZ.jpg","http://images.amazon.com/images/P/0743454146.01.MZZZZZZZ.jpg","2003-12-31 11:00:00 UTC","Pocket Star","http://images.amazon.com/images/P/0743454146.01.THUMBZZZ.jpg","The Footprints of God : A Novel"
"8257","Stephen King","0451210840","http://images.amazon.com/images/P/0451210840.01.LZZZZZZZ.jpg","http://images.amazon.com/images/P/0451210840.01.MZZZZZZZ.jpg","2002-12-31 11:00:00 UTC","New American Library","http://images.amazon.com/images/P/0451210840.01.THUMBZZZ.jpg","The Gunslinger (The Dark Tower, Book 1)"
"8258","Katherine Mosby","0425152367","http://images.amazon.com/images/P/0425152367.01.LZZZZZZZ.jpg","http://images.amazon.com/images/P/0425152367.01.MZZZZZZZ.jpg","1995-12-31 11:00:00 UTC","Berkley Publishing Group","http://images.amazon.com/images/P/0425152367.01.THUMBZZZ.jpg","Private Altars"
"8259","GAY HENDRICKS","0553374435","http://images.amazon.com/images/P/0553374435.01.LZZZZZZZ.jpg","http://images.amazon.com/images/P/0553374435.01.MZZZZZZZ.jpg","1994-12-31 11:00:00 UTC","Bantam","http://images.amazon.com/images/P/0553374435.01.THUMBZZZ.jpg","Conscious Breathing : Breathwork for Health, Stress Release, and Personal Mastery"
"8260","DEAN KOONTZ","0553106643","http://images.amazon.com/images/P/0553106643.01.LZZZZZZZ.jpg","http://images.amazon.com/images/P/0553106643.01.MZZZZZZZ.jpg","1997-12-31 11:00:00 UTC","Bantam","http://images.amazon.com/images/P/0553106643.01.THUMBZZZ.jpg","Fear Nothing"
"8261","Marilyn Vos Savant","0553057707","http://images.amazon.com/images/P/0553057707.01.LZZZZZZZ.jpg","http://images.amazon.com/images/P/0553057707.01.MZZZZZZZ.jpg","1989-12-31 11:00:00 UTC","Bantam Books","http://images.amazon.com/images/P/0553057707.01.THUMBZZZ.jpg","Brain Building: Exercising Yourself Smarter"
"8262","Curl","1853263508","http://images.amazon.com/images/P/1853263508.01.LZZZZZZZ.jpg","http://images.amazon.com/images/P/1853263508.01.MZZZZZZZ.jpg","1997-12-31 11:00:00 UTC","NTC/Contemporary Publishing Company","http://images.amazon.com/images/P/1853263508.01.THUMBZZZ.jpg","DICTIONARY OF ANAGRAMS"
"8263","Martin V. Riccardo","1567185711","http://images.amazon.com/images/P/1567185711.01.LZZZZZZZ.jpg","http://images.amazon.com/images/P/1567185711.01.MZZZZZZZ.jpg","1995-12-31 11:00:00 UTC","Llewellyn Pubns","http://images.amazon.com/images/P/1567185711.01.THUMBZZZ.jpg","Liquid Dreams of Vampires"
"8264","Jana Marcus","1560251476","http://images.amazon.com/images/P/1560251476.01.LZZZZZZZ.jpg","http://images.amazon.com/images/P/1560251476.01.MZZZZZZZ.jpg","1996-12-31 11:00:00 UTC","Pub Group West","http://images.amazon.com/images/P/1560251476.01.THUMBZZZ.jpg","In the Shadow of the Vampire: Reflections from the World of Anne Rice"
"8265","John Saul","0449223795","http://images.amazon.com/images/P/0449223795.01.LZZZZZZZ.jpg","http://images.amazon.com/images/P/0449223795.01.MZZZZZZZ.jpg","1994-12-31 11:00:00 UTC","Fawcett Books","http://images.amazon.com/images/P/0449223795.01.THUMBZZZ.jpg","The Homing"
"8266","Ruth Maran","1568846533","http://images.amazon.com/images/P/1568846533.01.LZZZZZZZ.jpg","http://images.amazon.com/images/P/1568846533.01.MZZZZZZZ.jpg","1994-12-31 11:00:00 UTC","Wiley Publishing","http://images.amazon.com/images/P/1568846533.01.THUMBZZZ.jpg","MS DOS 6.2 Simplified"
"8267","Gail Tsukiyama","0312144075","http://images.amazon.com/images/P/0312144075.01.LZZZZZZZ.jpg","http://images.amazon.com/images/P/0312144075.01.MZZZZZZZ.jpg","1995-12-31 11:00:00 UTC","St. Martin's Griffin","http://images.amazon.com/images/P/0312144075.01.THUMBZZZ.jpg","The Samurai's Garden : A Novel"
"8268","Jeanne Kalogridis","0684869233","http://images.amazon.com/images/P/0684869233.01.LZZZZZZZ.jpg","http://images.amazon.com/images/P/0684869233.01.MZZZZZZZ.jpg","2000-12-31 11:00:00 UTC","Simon &amp; Schuster","http://images.amazon.com/images/P/0684869233.01.THUMBZZZ.jpg","The Burning Times : A Novel of Medieval France"
"8269","Emma Donoghue","0156007479","http://images.amazon.com/images/P/0156007479.01.LZZZZZZZ.jpg","http://images.amazon.com/images/P/0156007479.01.MZZZZZZZ.jpg","2001-12-31 11:00:00 UTC","Harvest Books","http://images.amazon.com/images/P/0156007479.01.THUMBZZZ.jpg","Slammerkin"
"8270","James Reese","0061031844","http://images.amazon.com/images/P/0061031844.01.LZZZZZZZ.jpg","http://images.amazon.com/images/P/0061031844.01.MZZZZZZZ.jpg","2001-12-31 11:00:00 UTC","HarperTorch","http://images.amazon.com/images/P/0061031844.01.THUMBZZZ.jpg","The Book of Shadows"
"8271","Andrew X. Pham","0312267177","http://images.amazon.com/images/P/0312267177.01.LZZZZZZZ.jpg","http://images.amazon.com/images/P/0312267177.01.MZZZZZZZ.jpg","1999-12-31 11:00:00 UTC","Picador","http://images.amazon.com/images/P/0312267177.01.THUMBZZZ.jpg","Catfish and Mandala : A Two-Wheeled Voyage through the Landscape and Memory of Vietnam"
"8272","Kiana Davenport","0345434943","http://images.amazon.com/images/P/0345434943.01.LZZZZZZZ.jpg","http://images.amazon.com/images/P/0345434943.01.MZZZZZZZ.jpg","1999-12-31 11:00:00 UTC","Ballantine Books","http://images.amazon.com/images/P/0345434943.01.THUMBZZZ.jpg","Song of the Exile (Ballantine Reader's Circle)"
"8273","Catharina Day","1860110886","http://images.amazon.com/images/P/1860110886.01.LZZZZZZZ.jpg","http://images.amazon.com/images/P/1860110886.01.MZZZZZZZ.jpg","1997-12-31 11:00:00 UTC","Everyman Publishers","http://images.amazon.com/images/P/1860110886.01.THUMBZZZ.jpg","Ireland"
"8274","Scott Cunningham","0875421849","http://images.amazon.com/images/P/0875421849.01.LZZZZZZZ.jpg","http://images.amazon.com/images/P/0875421849.01.MZZZZZZZ.jpg","1992-12-31 11:00:00 UTC","Llewellyn Publications","http://images.amazon.com/images/P/0875421849.01.THUMBZZZ.jpg","Living Wicca: A Further Guide for the Solitary Practitioner (Llewellyn's Practical Magick)"
"8275","Malika Oufkir","0786868619","http://images.amazon.com/images/P/0786868619.01.LZZZZZZZ.jpg","http://images.amazon.com/images/P/0786868619.01.MZZZZZZZ.jpg","2000-12-31 11:00:00 UTC","Talk Miramax Books","http://images.amazon.com/images/P/0786868619.01.THUMBZZZ.jpg","Stolen Lives: Twenty Years in a Desert Jail"
"8276","McKay Jenkins","037550303X","http://images.amazon.com/images/P/037550303X.01.LZZZZZZZ.jpg","http://images.amazon.com/images/P/037550303X.01.MZZZZZZZ.jpg","1999-12-31 11:00:00 UTC","Random House Inc","http://images.amazon.com/images/P/037550303X.01.THUMBZZZ.jpg","The White Death: Tragedy and Heroism in an Avalanche Zone"
"8277","LORNA LANDVIK","0345442741","http://images.amazon.com/images/P/0345442741.01.LZZZZZZZ.jpg","http://images.amazon.com/images/P/0345442741.01.MZZZZZZZ.jpg","2001-12-31 11:00:00 UTC","Ballantine Books","http://images.amazon.com/images/P/0345442741.01.THUMBZZZ.jpg","Welcome to the Great Mysterious (Ballantine Reader's Circle)"
"8278","Patricia Wynn","0970272707","http://images.amazon.com/images/P/0970272707.01.LZZZZZZZ.jpg","http://images.amazon.com/images/P/0970272707.01.MZZZZZZZ.jpg","2000-12-31 11:00:00 UTC","Pemberley Press","http://images.amazon.com/images/P/0970272707.01.THUMBZZZ.jpg","The Birth of Blue Satan"
"8279","Dean R. Koontz","0399138439","http://images.amazon.com/images/P/0399138439.01.LZZZZZZZ.jpg","http://images.amazon.com/images/P/0399138439.01.MZZZZZZZ.jpg","1992-12-31 11:00:00 UTC","Putnam Pub Group","http://images.amazon.com/images/P/0399138439.01.THUMBZZZ.jpg","Three Complete Novels: Lightning, the Face of Fear, the Vision"
"8280","William A. Cohen","0130484717","http://images.amazon.com/images/P/0130484717.01.LZZZZZZZ.jpg","http://images.amazon.com/images/P/0130484717.01.MZZZZZZZ.jpg","1990-12-31 11:00:00 UTC","Prentice Hall Art","http://images.amazon.com/images/P/0130484717.01.THUMBZZZ.jpg","ART OF THE LEADER"
"8281","Theresa Digeronimo","0452276365","http://images.amazon.com/images/P/0452276365.01.LZZZZZZZ.jpg","http://images.amazon.com/images/P/0452276365.01.MZZZZZZZ.jpg","1996-12-31 11:00:00 UTC","Penguin USA","http://images.amazon.com/images/P/0452276365.01.THUMBZZZ.jpg","Insomnia: 50 Essential Things to Do"
"8282","Dale Carnegie","0671723650","http://images.amazon.com/images/P/0671723650.01.LZZZZZZZ.jpg","http://images.amazon.com/images/P/0671723650.01.MZZZZZZZ.jpg","1989-12-31 11:00:00 UTC","Pocket","http://images.amazon.com/images/P/0671723650.01.THUMBZZZ.jpg","How To Win Friends And Influence People"
"8283","Dale Carnegie","0671733354","http://images.amazon.com/images/P/0671733354.01.LZZZZZZZ.jpg","http://images.amazon.com/images/P/0671733354.01.MZZZZZZZ.jpg","1989-12-31 11:00:00 UTC","Pocket","http://images.amazon.com/images/P/0671733354.01.THUMBZZZ.jpg","How to Stop Worrying and Start Living"
"8284","Greg Iles","0451206525","http://images.amazon.com/images/P/0451206525.01.LZZZZZZZ.jpg","http://images.amazon.com/images/P/0451206525.01.MZZZZZZZ.jpg","2001-12-31 11:00:00 UTC","Signet Book","http://images.amazon.com/images/P/0451206525.01.THUMBZZZ.jpg","Dead Sleep"
"8285","Michael Alexander","0140445943","http://images.amazon.com/images/P/0140445943.01.LZZZZZZZ.jpg","http://images.amazon.com/images/P/0140445943.01.MZZZZZZZ.jpg","1991-12-31 11:00:00 UTC","Penguin Books","http://images.amazon.com/images/P/0140445943.01.THUMBZZZ.jpg","The Earliest English Poems (Penguin Classics)"
"8286","Kjersti Hoff Baez","1557489297","http://images.amazon.com/images/P/1557489297.01.LZZZZZZZ.jpg","http://images.amazon.com/images/P/1557489297.01.MZZZZZZZ.jpg","1995-12-31 11:00:00 UTC","Heartsong Presents","http://images.amazon.com/images/P/1557489297.01.THUMBZZZ.jpg","Wait For the Morning (Heartsong Presents #194)"
"8287","Ray Grigg","0553280430","http://images.amazon.com/images/P/0553280430.01.LZZZZZZZ.jpg","http://images.amazon.com/images/P/0553280430.01.MZZZZZZZ.jpg","1988-12-31 11:00:00 UTC","Bantam Books","http://images.amazon.com/images/P/0553280430.01.THUMBZZZ.jpg","The Tao of Relationships: A Balancing of Man and Woman"
"8288","Stephen King","0451167317","http://images.amazon.com/images/P/0451167317.01.LZZZZZZZ.jpg","http://images.amazon.com/images/P/0451167317.01.MZZZZZZZ.jpg","1993-12-31 11:00:00 UTC","Signet Book","http://images.amazon.com/images/P/0451167317.01.THUMBZZZ.jpg","The Dark Half"
"8289","Peter Albano","0821725998","http://images.amazon.com/images/P/0821725998.01.LZZZZZZZ.jpg","http://images.amazon.com/images/P/0821725998.01.MZZZZZZZ.jpg","1988-12-31 11:00:00 UTC","Kensington Pub Corp (Mm)","http://images.amazon.com/images/P/0821725998.01.THUMBZZZ.jpg","Quest of the Seventh Carrier"
"8290","Carol Brink","0590444646","http://images.amazon.com/images/P/0590444646.01.LZZZZZZZ.jpg","http://images.amazon.com/images/P/0590444646.01.MZZZZZZZ.jpg","0001-01-01 12:30:00 UTC","Scholastic Inc","http://images.amazon.com/images/P/0590444646.01.THUMBZZZ.jpg","Caddie Woodlawn"
"8291","Rod R. Butterworth","039951743X","http://images.amazon.com/images/P/039951743X.01.LZZZZZZZ.jpg","http://images.amazon.com/images/P/039951743X.01.MZZZZZZZ.jpg","1991-12-31 11:00:00 UTC","Perigee Books","http://images.amazon.com/images/P/039951743X.01.THUMBZZZ.jpg","The Pocket Dictionary of Signing"
"8292","Louisa May Alcott","0671517643","http://images.amazon.com/images/P/0671517643.01.LZZZZZZZ.jpg","http://images.amazon.com/images/P/0671517643.01.MZZZZZZZ.jpg","1993-12-31 11:00:00 UTC","Pocket","http://images.amazon.com/images/P/0671517643.01.THUMBZZZ.jpg","LITTLE WOMEN"
"8293","Andrea Boeshaar","155748919X","http://images.amazon.com/images/P/155748919X.01.LZZZZZZZ.jpg","http://images.amazon.com/images/P/155748919X.01.MZZZZZZZ.jpg","1995-12-31 11:00:00 UTC","Heartsong Presents","http://images.amazon.com/images/P/155748919X.01.THUMBZZZ.jpg","An Uncertain Heart (Heartsong Presents #188)"
"8294","Jane Orcutt","1577480112","http://images.amazon.com/images/P/1577480112.01.LZZZZZZZ.jpg","http://images.amazon.com/images/P/1577480112.01.MZZZZZZZ.jpg","1996-12-31 11:00:00 UTC","Heartstone","http://images.amazon.com/images/P/1577480112.01.THUMBZZZ.jpg","The Fruit of Her Hands"
"8295","Ashley McConnell","0451457250","http://images.amazon.com/images/P/0451457250.01.LZZZZZZZ.jpg","http://images.amazon.com/images/P/0451457250.01.MZZZZZZZ.jpg","1997-12-31 11:00:00 UTC","Roc","http://images.amazon.com/images/P/0451457250.01.THUMBZZZ.jpg","Stargate Sg-1"
"8296","Margaret Weis","0394741838","http://images.amazon.com/images/P/0394741838.01.LZZZZZZZ.jpg","http://images.amazon.com/images/P/0394741838.01.MZZZZZZZ.jpg","1984-12-31 11:00:00 UTC","TSR","http://images.amazon.com/images/P/0394741838.01.THUMBZZZ.jpg","Dragons of Spring Dawning (Weis, Margaret)"
"8297","R. A. Salvatore","0345428455","http://images.amazon.com/images/P/0345428455.01.LZZZZZZZ.jpg","http://images.amazon.com/images/P/0345428455.01.MZZZZZZZ.jpg","1999-12-31 11:00:00 UTC","Del Rey Books","http://images.amazon.com/images/P/0345428455.01.THUMBZZZ.jpg","Vector Prime (Star Wars: The New Jedi Order, Book 1)"
"8298","Dean Wesley Smith","0671541749","http://images.amazon.com/images/P/0671541749.01.LZZZZZZZ.jpg","http://images.amazon.com/images/P/0671541749.01.MZZZZZZZ.jpg","1995-12-31 11:00:00 UTC","Star Trek","http://images.amazon.com/images/P/0671541749.01.THUMBZZZ.jpg","Invasion: The Soldiers of Fear (Star Trek: The Next Generation, No. 41)"
"8299","Brian Daley","0345314875","http://images.amazon.com/images/P/0345314875.01.LZZZZZZZ.jpg","http://images.amazon.com/images/P/0345314875.01.MZZZZZZZ.jpg","1984-12-31 11:00:00 UTC","Del Rey Books","http://images.amazon.com/images/P/0345314875.01.THUMBZZZ.jpg","Requiem for a Ruler of Worlds"
"8300","Lucretius","0140446109","http://images.amazon.com/images/P/0140446109.01.LZZZZZZZ.jpg","http://images.amazon.com/images/P/0140446109.01.MZZZZZZZ.jpg","1993-12-31 11:00:00 UTC","Penguin Books","http://images.amazon.com/images/P/0140446109.01.THUMBZZZ.jpg","On the Nature of the Universe (Penguin Classics)"
"8301","Horace","014044422X","http://images.amazon.com/images/P/014044422X.01.LZZZZZZZ.jpg","http://images.amazon.com/images/P/014044422X.01.MZZZZZZZ.jpg","1982-12-31 11:00:00 UTC","Penguin Books","http://images.amazon.com/images/P/014044422X.01.THUMBZZZ.jpg","The Complete Odes and Epodes: With the Centennial Hymn (Penguin Classics)"
"8302","Peter Mansfield","0140147683","http://images.amazon.com/images/P/0140147683.01.LZZZZZZZ.jpg","http://images.amazon.com/images/P/0140147683.01.MZZZZZZZ.jpg","1991-12-31 11:00:00 UTC","Penguin USA","http://images.amazon.com/images/P/0140147683.01.THUMBZZZ.jpg","The Arabs (Penguin History)"
"8303","Paul Halpern","0452270294","http://images.amazon.com/images/P/0452270294.01.LZZZZZZZ.jpg","http://images.amazon.com/images/P/0452270294.01.MZZZZZZZ.jpg","1992-12-31 11:00:00 UTC","Penguin USA","http://images.amazon.com/images/P/0452270294.01.THUMBZZZ.jpg","Cosmic Wormholes: The Search for Interstellar Shortcuts"
"8304","James Lowder","1560766263","http://images.amazon.com/images/P/1560766263.01.LZZZZZZZ.jpg","http://images.amazon.com/images/P/1560766263.01.MZZZZZZZ.jpg","1992-12-31 11:00:00 UTC","Wizards of the Coast","http://images.amazon.com/images/P/1560766263.01.THUMBZZZ.jpg","Prince of Lies (Forgotten Realms)"
"8305","John Keegan","014011341X","http://images.amazon.com/images/P/014011341X.01.LZZZZZZZ.jpg","http://images.amazon.com/images/P/014011341X.01.MZZZZZZZ.jpg","1989-12-31 11:00:00 UTC","Penguin Books","http://images.amazon.com/images/P/014011341X.01.THUMBZZZ.jpg","The Second World War"
"8306","G. Lee Bowie","0155026607","http://images.amazon.com/images/P/0155026607.01.LZZZZZZZ.jpg","http://images.amazon.com/images/P/0155026607.01.MZZZZZZZ.jpg","1994-12-31 11:00:00 UTC","Harcourt","http://images.amazon.com/images/P/0155026607.01.THUMBZZZ.jpg","Twenty Questions: An Introduction to Philosophy"
"8307","Ben Bova","0312850247","http://images.amazon.com/images/P/0312850247.01.LZZZZZZZ.jpg","http://images.amazon.com/images/P/0312850247.01.MZZZZZZZ.jpg","1991-12-31 11:00:00 UTC","St Martins Pr","http://images.amazon.com/images/P/0312850247.01.THUMBZZZ.jpg","The Trikon Deception"
"8308","R. A. Salvatore","0786913886","http://images.amazon.com/images/P/0786913886.01.LZZZZZZZ.jpg","http://images.amazon.com/images/P/0786913886.01.MZZZZZZZ.jpg","1998-12-31 11:00:00 UTC","Wizards of the Coast","http://images.amazon.com/images/P/0786913886.01.THUMBZZZ.jpg","The Silent Blade (Forgotten Realms:  Paths of Darkness, Book 1)"
"8309","Mark Twain","0766607208","http://images.amazon.com/images/P/0766607208.01.LZZZZZZZ.jpg","http://images.amazon.com/images/P/0766607208.01.MZZZZZZZ.jpg","2001-12-31 11:00:00 UTC","Modern Publishing","http://images.amazon.com/images/P/0766607208.01.THUMBZZZ.jpg","Treasury of Illustrated Classics: Adventures of Huckleberry Finn"
"8310","Rachel Bell","1884820298","http://images.amazon.com/images/P/1884820298.01.LZZZZZZZ.jpg","http://images.amazon.com/images/P/1884820298.01.MZZZZZZZ.jpg","2000-12-31 11:00:00 UTC","Safe Goods/New Century Publishing 2000","http://images.amazon.com/images/P/1884820298.01.THUMBZZZ.jpg","The A.D.D. and A.D.H.D. Diet! Updated: A Comprehensive Look at Contributing Factors and Natural Treatments for Symptoms of Attention Deficit Disorder and Hyperactivity"
"8311","David Norbrook","014042346X","http://images.amazon.com/images/P/014042346X.01.LZZZZZZZ.jpg","http://images.amazon.com/images/P/014042346X.01.MZZZZZZZ.jpg","1992-12-31 11:00:00 UTC","Penguin Books","http://images.amazon.com/images/P/014042346X.01.THUMBZZZ.jpg","The Penguin Book of Renaissance Verse (Penguin Classics)"
"8312","Carl Sagan","0440133017","http://images.amazon.com/images/P/0440133017.01.LZZZZZZZ.jpg","http://images.amazon.com/images/P/0440133017.01.MZZZZZZZ.jpg","1974-12-31 11:00:00 UTC","Dell Publishing","http://images.amazon.com/images/P/0440133017.01.THUMBZZZ.jpg","Cosmic Connection:  an Extraterrestrial Perspective"
"8313","Alice Notley","0140587640","http://images.amazon.com/images/P/0140587640.01.LZZZZZZZ.jpg","http://images.amazon.com/images/P/0140587640.01.MZZZZZZZ.jpg","1995-12-31 11:00:00 UTC","Penguin Books","http://images.amazon.com/images/P/0140587640.01.THUMBZZZ.jpg","The Descent of Alette (Penguin Poets)"
"8314","Nora Roberts","0399144706","http://images.amazon.com/images/P/0399144706.01.LZZZZZZZ.jpg","http://images.amazon.com/images/P/0399144706.01.MZZZZZZZ.jpg","1998-12-31 11:00:00 UTC","Putnam Publishing Group","http://images.amazon.com/images/P/0399144706.01.THUMBZZZ.jpg","River's End"
"8315","L. E. Modesitt Jr.","031285904X","http://images.amazon.com/images/P/031285904X.01.LZZZZZZZ.jpg","http://images.amazon.com/images/P/031285904X.01.MZZZZZZZ.jpg","1995-12-31 11:00:00 UTC","Tor Books","http://images.amazon.com/images/P/031285904X.01.THUMBZZZ.jpg","The Parafaith War"
"8316","Leo Tolstoy","0140444173","http://images.amazon.com/images/P/0140444173.01.LZZZZZZZ.jpg","http://images.amazon.com/images/P/0140444173.01.MZZZZZZZ.jpg","1981-12-31 11:00:00 UTC","Penguin Books","http://images.amazon.com/images/P/0140444173.01.THUMBZZZ.jpg","War and Peace (Penguin Classics)"
"8317","Gerard Del Re","0380769158","http://images.amazon.com/images/P/0380769158.01.LZZZZZZZ.jpg","http://images.amazon.com/images/P/0380769158.01.MZZZZZZZ.jpg","1992-12-31 11:00:00 UTC","Harpercollins","http://images.amazon.com/images/P/0380769158.01.THUMBZZZ.jpg","History's Last Stand"
"8318","R.A. Salvatore","1560760478","http://images.amazon.com/images/P/1560760478.01.LZZZZZZZ.jpg","http://images.amazon.com/images/P/1560760478.01.MZZZZZZZ.jpg","1990-12-31 11:00:00 UTC","Wizards of the Coast","http://images.amazon.com/images/P/1560760478.01.THUMBZZZ.jpg","Sojourn (Forgotten Realms Novel: Dark Elf Trilogy)"
"8319","R.A. Salvatore","0880389052","http://images.amazon.com/images/P/0880389052.01.LZZZZZZZ.jpg","http://images.amazon.com/images/P/0880389052.01.MZZZZZZZ.jpg","1989-12-31 11:00:00 UTC","Wizards of the Coast","http://images.amazon.com/images/P/0880389052.01.THUMBZZZ.jpg","Homeland (Forgotten Realms: The Dark Elf Trilogy, Book 1)"
"8320","R. A. Salvatore","0880389206","http://images.amazon.com/images/P/0880389206.01.LZZZZZZZ.jpg","http://images.amazon.com/images/P/0880389206.01.MZZZZZZZ.jpg","1995-12-31 11:00:00 UTC","Wizards of the Coast","http://images.amazon.com/images/P/0880389206.01.THUMBZZZ.jpg","Exile (Forgotten Realms: Dark Elf Trilogy)"
"8321","Taisha Abelar","0140193669","http://images.amazon.com/images/P/0140193669.01.LZZZZZZZ.jpg","http://images.amazon.com/images/P/0140193669.01.MZZZZZZZ.jpg","1992-12-31 11:00:00 UTC","Penguin Books","http://images.amazon.com/images/P/0140193669.01.THUMBZZZ.jpg","The Sorcerers' Crossing (Arkana S.)"
"8322","Michele Jamal","0140194916","http://images.amazon.com/images/P/0140194916.01.LZZZZZZZ.jpg","http://images.amazon.com/images/P/0140194916.01.MZZZZZZZ.jpg","1994-12-31 11:00:00 UTC","Penguin USA","http://images.amazon.com/images/P/0140194916.01.THUMBZZZ.jpg","Deerdancer: The Shapeshifter Archetype in Story and in Trance (Arkana S.)"
"8323","Thu Hng Dng","0140255109","http://images.amazon.com/images/P/0140255109.01.LZZZZZZZ.jpg","http://images.amazon.com/images/P/0140255109.01.MZZZZZZZ.jpg","1995-12-31 11:00:00 UTC","Penguin Books","http://images.amazon.com/images/P/0140255109.01.THUMBZZZ.jpg","Novel Without a Name"
"8324","William Shakespeare","014070731X","http://images.amazon.com/images/P/014070731X.01.LZZZZZZZ.jpg","http://images.amazon.com/images/P/014070731X.01.MZZZZZZZ.jpg","1980-12-31 11:00:00 UTC","Penguin Books","http://images.amazon.com/images/P/014070731X.01.THUMBZZZ.jpg","Antony and Cleopatra (New Penguin Shakespeare Series)"
"8325","R.J. Hollingdale","0140445145","http://images.amazon.com/images/P/0140445145.01.LZZZZZZZ.jpg","http://images.amazon.com/images/P/0140445145.01.MZZZZZZZ.jpg","1989-12-31 11:00:00 UTC","Penguin Books","http://images.amazon.com/images/P/0140445145.01.THUMBZZZ.jpg","Twilight of the Idols and the Anti Christ (Penguin Classics)"
"8326","John Lawrence","0452010845","http://images.amazon.com/images/P/0452010845.01.LZZZZZZZ.jpg","http://images.amazon.com/images/P/0452010845.01.MZZZZZZZ.jpg","1992-12-31 11:00:00 UTC","Plume Books","http://images.amazon.com/images/P/0452010845.01.THUMBZZZ.jpg","A History of Russia"
"8327","David Richards","0140048162","http://images.amazon.com/images/P/0140048162.01.LZZZZZZZ.jpg","http://images.amazon.com/images/P/0140048162.01.MZZZZZZZ.jpg","1980-12-31 11:00:00 UTC","Penguin USA","http://images.amazon.com/images/P/0140048162.01.THUMBZZZ.jpg","Penguin Book of Russian Short Stories."
"8328","Herman Melville","0140390537","http://images.amazon.com/images/P/0140390537.01.LZZZZZZZ.jpg","http://images.amazon.com/images/P/0140390537.01.MZZZZZZZ.jpg","1988-12-31 11:00:00 UTC","Penguin Books","http://images.amazon.com/images/P/0140390537.01.THUMBZZZ.jpg","Billy Budd and Other Stories (Penguin Classics)"
"8329","Ian Kellam","0192713434","http://images.amazon.com/images/P/0192713434.01.LZZZZZZZ.jpg","http://images.amazon.com/images/P/0192713434.01.MZZZZZZZ.jpg","1971-12-31 12:00:00 UTC","Oxford University Press","http://images.amazon.com/images/P/0192713434.01.THUMBZZZ.jpg","The first summer year"
"8330","Anne Rice","0345396936","http://images.amazon.com/images/P/0345396936.01.LZZZZZZZ.jpg","http://images.amazon.com/images/P/0345396936.01.MZZZZZZZ.jpg","1994-12-31 11:00:00 UTC","Ballantine Books","http://images.amazon.com/images/P/0345396936.01.THUMBZZZ.jpg","Cry to Heaven"
"8331","Mary Jane Clark","0312261918","http://images.amazon.com/images/P/0312261918.01.LZZZZZZZ.jpg","http://images.amazon.com/images/P/0312261918.01.MZZZZZZZ.jpg","1999-12-31 11:00:00 UTC","St. Martin's Press","http://images.amazon.com/images/P/0312261918.01.THUMBZZZ.jpg","Let Me Whisper in Your Ear"
"8332","Nien Cheng","014010870X","http://images.amazon.com/images/P/014010870X.01.LZZZZZZZ.jpg","http://images.amazon.com/images/P/014010870X.01.MZZZZZZZ.jpg","1987-12-31 11:00:00 UTC","Penguin Books","http://images.amazon.com/images/P/014010870X.01.THUMBZZZ.jpg","Life and Death in Shanghai"
"8333","William Shakespeare","0671722840","http://images.amazon.com/images/P/0671722840.01.LZZZZZZZ.jpg","http://images.amazon.com/images/P/0671722840.01.MZZZZZZZ.jpg","1995-12-31 11:00:00 UTC","Washington Square Press","http://images.amazon.com/images/P/0671722840.01.THUMBZZZ.jpg","RICHARD III"
"8334","Annie Dillard","0553233890","http://images.amazon.com/images/P/0553233890.01.LZZZZZZZ.jpg","http://images.amazon.com/images/P/0553233890.01.MZZZZZZZ.jpg","1981-12-31 11:00:00 UTC","Bantam Books (Mm)","http://images.amazon.com/images/P/0553233890.01.THUMBZZZ.jpg","Pilgrim at Tinker Creek"
"8335","Ann Hood","0553346083","http://images.amazon.com/images/P/0553346083.01.LZZZZZZZ.jpg","http://images.amazon.com/images/P/0553346083.01.MZZZZZZZ.jpg","1987-12-31 11:00:00 UTC","Bantam Books","http://images.amazon.com/images/P/0553346083.01.THUMBZZZ.jpg","Somewhere Off the Coast of Maine"
"8336","P J Orourke","0330306839","http://images.amazon.com/images/P/0330306839.01.LZZZZZZZ.jpg","http://images.amazon.com/images/P/0330306839.01.MZZZZZZZ.jpg","0001-01-01 12:30:00 UTC","Pan Books Ltd","http://images.amazon.com/images/P/0330306839.01.THUMBZZZ.jpg","Holidays In Hell"
"8337","Edith Wharton","0140181903","http://images.amazon.com/images/P/0140181903.01.LZZZZZZZ.jpg","http://images.amazon.com/images/P/0140181903.01.MZZZZZZZ.jpg","1989-12-31 11:00:00 UTC","Penguin Books","http://images.amazon.com/images/P/0140181903.01.THUMBZZZ.jpg","The Custom of the Country (Penguin Twentieth-Century Classics)"
"8338","Antonio Skarmeta","0786881275","http://images.amazon.com/images/P/0786881275.01.LZZZZZZZ.jpg","http://images.amazon.com/images/P/0786881275.01.MZZZZZZZ.jpg","1994-12-31 11:00:00 UTC","Hyperion Books","http://images.amazon.com/images/P/0786881275.01.THUMBZZZ.jpg","The Postman"
"8339","E. L. Doctorow","0394587545","http://images.amazon.com/images/P/0394587545.01.LZZZZZZZ.jpg","http://images.amazon.com/images/P/0394587545.01.MZZZZZZZ.jpg","1993-12-31 11:00:00 UTC","Random House Inc","http://images.amazon.com/images/P/0394587545.01.THUMBZZZ.jpg","The Waterworks"
"8340","Ernest Hemingway","0020519303","http://images.amazon.com/images/P/0020519303.01.LZZZZZZZ.jpg","http://images.amazon.com/images/P/0020519303.01.MZZZZZZZ.jpg","1984-12-31 11:00:00 UTC","Collier Books","http://images.amazon.com/images/P/0020519303.01.THUMBZZZ.jpg","Green Hills of Africa"
"8341","Pat Barker","0345315014","http://images.amazon.com/images/P/0345315014.01.LZZZZZZZ.jpg","http://images.amazon.com/images/P/0345315014.01.MZZZZZZZ.jpg","1989-12-31 11:00:00 UTC","Ballantine Books","http://images.amazon.com/images/P/0345315014.01.THUMBZZZ.jpg","Union Street"
"8342","Debbie Dadey","059022638X","http://images.amazon.com/images/P/059022638X.01.LZZZZZZZ.jpg","http://images.amazon.com/images/P/059022638X.01.MZZZZZZZ.jpg","1994-12-31 11:00:00 UTC","Scholastic","http://images.amazon.com/images/P/059022638X.01.THUMBZZZ.jpg","Dracula Doesn't Drink Lemonade (Adventures of the Bailey School Kids (Paperback))"
"8343","R. L. Stine","0590466178","http://images.amazon.com/images/P/0590466178.01.LZZZZZZZ.jpg","http://images.amazon.com/images/P/0590466178.01.MZZZZZZZ.jpg","1994-12-31 11:00:00 UTC","Scholastic","http://images.amazon.com/images/P/0590466178.01.THUMBZZZ.jpg","Night of the Living Dummy (Goosebumps, No 7)"
"8344","Martina Devlin","0006514588","http://images.amazon.com/images/P/0006514588.01.LZZZZZZZ.jpg","http://images.amazon.com/images/P/0006514588.01.MZZZZZZZ.jpg","1999-12-31 11:00:00 UTC","HarperCollins","http://images.amazon.com/images/P/0006514588.01.THUMBZZZ.jpg","Three wise men"
"8345","Sandra Felton","1578660432","http://images.amazon.com/images/P/1578660432.01.LZZZZZZZ.jpg","http://images.amazon.com/images/P/1578660432.01.MZZZZZZZ.jpg","1998-12-31 11:00:00 UTC","Galahad Books","http://images.amazon.com/images/P/1578660432.01.THUMBZZZ.jpg","How Not to Be a Messie: The Ultimate Guide for the Neatness Challenged : The Messies Manual/the Messie Motivator"
"8346","Rose Marie Nichols McGee","0761116230","http://images.amazon.com/images/P/0761116230.01.LZZZZZZZ.jpg","http://images.amazon.com/images/P/0761116230.01.MZZZZZZZ.jpg","2001-12-31 11:00:00 UTC","Workman Publishing","http://images.amazon.com/images/P/0761116230.01.THUMBZZZ.jpg","McGee &amp; Stuckey's Bountiful Container: A Container Garden of Vegetables, Herbs, Fruits, and Edible Flowers"
"8347","Linda Yang","1580174493","http://images.amazon.com/images/P/1580174493.01.LZZZZZZZ.jpg","http://images.amazon.com/images/P/1580174493.01.MZZZZZZZ.jpg","2001-12-31 11:00:00 UTC","Storey Books","http://images.amazon.com/images/P/1580174493.01.THUMBZZZ.jpg","The City Gardener's Handbook: The Definitive Guide to Small-Space Gardening"
"8348","Elizabeth Bevarly","0380819600","http://images.amazon.com/images/P/0380819600.01.LZZZZZZZ.jpg","http://images.amazon.com/images/P/0380819600.01.MZZZZZZZ.jpg","2001-12-31 11:00:00 UTC","Avon","http://images.amazon.com/images/P/0380819600.01.THUMBZZZ.jpg","Take Me, I'm Yours (Avon Light Contemporary Romances)"
"8349","Jennifer Crusie","0312980159","http://images.amazon.com/images/P/0312980159.01.LZZZZZZZ.jpg","http://images.amazon.com/images/P/0312980159.01.MZZZZZZZ.jpg","2001-12-31 11:00:00 UTC","St. Martin's Press","http://images.amazon.com/images/P/0312980159.01.THUMBZZZ.jpg","Fast Women"
"8350","Lisa Plumley","0821771116","http://images.amazon.com/images/P/0821771116.01.LZZZZZZZ.jpg","http://images.amazon.com/images/P/0821771116.01.MZZZZZZZ.jpg","2001-12-31 11:00:00 UTC","Zebra Books","http://images.amazon.com/images/P/0821771116.01.THUMBZZZ.jpg","Falling for April (Zebra Historical Romance)"
"8351","Alice Borchardt","0451403967","http://images.amazon.com/images/P/0451403967.01.LZZZZZZZ.jpg","http://images.amazon.com/images/P/0451403967.01.MZZZZZZZ.jpg","1995-12-31 11:00:00 UTC","Signet Book","http://images.amazon.com/images/P/0451403967.01.THUMBZZZ.jpg","Devoted"
"8352","Marcelle Karp","0140277749","http://images.amazon.com/images/P/0140277749.01.LZZZZZZZ.jpg","http://images.amazon.com/images/P/0140277749.01.MZZZZZZZ.jpg","1998-12-31 11:00:00 UTC","Penguin Books","http://images.amazon.com/images/P/0140277749.01.THUMBZZZ.jpg","The Bust Guide to the New Girl Order"
"8353","Inga Muscio","1580050158","http://images.amazon.com/images/P/1580050158.01.LZZZZZZZ.jpg","http://images.amazon.com/images/P/1580050158.01.MZZZZZZZ.jpg","1997-12-31 11:00:00 UTC","Seal Press (WA)","http://images.amazon.com/images/P/1580050158.01.THUMBZZZ.jpg","Cunt: A Declaration of Independence (Live Girls)"
"8354","Jane Austen","0451524195","http://images.amazon.com/images/P/0451524195.01.LZZZZZZZ.jpg","http://images.amazon.com/images/P/0451524195.01.MZZZZZZZ.jpg","1988-12-31 11:00:00 UTC","Signet Classics","http://images.amazon.com/images/P/0451524195.01.THUMBZZZ.jpg","Sense and Sensibility (Signet Classic)"
"8355","Kylie Adams","0821768093","http://images.amazon.com/images/P/0821768093.01.LZZZZZZZ.jpg","http://images.amazon.com/images/P/0821768093.01.MZZZZZZZ.jpg","2000-12-31 11:00:00 UTC","Kensington Publishing Corporation","http://images.amazon.com/images/P/0821768093.01.THUMBZZZ.jpg","Fly Me to the Moon (Zebra Contemporary Romance S.)"
"8356","Sherryl Woods","0440214866","http://images.amazon.com/images/P/0440214866.01.LZZZZZZZ.jpg","http://images.amazon.com/images/P/0440214866.01.MZZZZZZZ.jpg","1993-12-31 11:00:00 UTC","Dell Publishing Company","http://images.amazon.com/images/P/0440214866.01.THUMBZZZ.jpg","Hot Schemes: A Molly Dewitt Romantic Mystery"
"8357","Sherryl Woods","0440210046","http://images.amazon.com/images/P/0440210046.01.LZZZZZZZ.jpg","http://images.amazon.com/images/P/0440210046.01.MZZZZZZZ.jpg","1991-12-31 11:00:00 UTC","Dell Publishing Company","http://images.amazon.com/images/P/0440210046.01.THUMBZZZ.jpg","Hot Secrets"
"8358","Sherryl Woods","0440214858","http://images.amazon.com/images/P/0440214858.01.LZZZZZZZ.jpg","http://images.amazon.com/images/P/0440214858.01.MZZZZZZZ.jpg","1992-12-31 11:00:00 UTC","Dell Publishing Company","http://images.amazon.com/images/P/0440214858.01.THUMBZZZ.jpg","Hot Money (Molly Dewitt Romantic Mystery)"
"8359","Christie Ridgway","0380818957","http://images.amazon.com/images/P/0380818957.01.LZZZZZZZ.jpg","http://images.amazon.com/images/P/0380818957.01.MZZZZZZZ.jpg","2001-12-31 11:00:00 UTC","Avon","http://images.amazon.com/images/P/0380818957.01.THUMBZZZ.jpg","First Comes Love (Avon Light Contemporary Romances)"
"8360","Alice Borchardt","0451191889","http://images.amazon.com/images/P/0451191889.01.LZZZZZZZ.jpg","http://images.amazon.com/images/P/0451191889.01.MZZZZZZZ.jpg","1997-12-31 11:00:00 UTC","Signet Book","http://images.amazon.com/images/P/0451191889.01.THUMBZZZ.jpg","Beguiled"
"8361","Alice Borchardt","0345423658","http://images.amazon.com/images/P/0345423658.01.LZZZZZZZ.jpg","http://images.amazon.com/images/P/0345423658.01.MZZZZZZZ.jpg","2000-12-31 11:00:00 UTC","Del Rey Books","http://images.amazon.com/images/P/0345423658.01.THUMBZZZ.jpg","The Wolf King"
"8362","Patricia Cabot","0743410262","http://images.amazon.com/images/P/0743410262.01.LZZZZZZZ.jpg","http://images.amazon.com/images/P/0743410262.01.MZZZZZZZ.jpg","2000-12-31 11:00:00 UTC","Pocket","http://images.amazon.com/images/P/0743410262.01.THUMBZZZ.jpg","Educating Caroline (Sonnet Books)"
"8363","Donna Gillespie","0515119660","http://images.amazon.com/images/P/0515119660.01.LZZZZZZZ.jpg","http://images.amazon.com/images/P/0515119660.01.MZZZZZZZ.jpg","1995-12-31 11:00:00 UTC","Jove Books","http://images.amazon.com/images/P/0515119660.01.THUMBZZZ.jpg","The Light Bearer"
"8364","Beverly Brandt","0312979851","http://images.amazon.com/images/P/0312979851.01.LZZZZZZZ.jpg","http://images.amazon.com/images/P/0312979851.01.MZZZZZZZ.jpg","2001-12-31 11:00:00 UTC","St. Martin's Paperbacks","http://images.amazon.com/images/P/0312979851.01.THUMBZZZ.jpg","True North"
"8365","Jane Heller","0312979886","http://images.amazon.com/images/P/0312979886.01.LZZZZZZZ.jpg","http://images.amazon.com/images/P/0312979886.01.MZZZZZZZ.jpg","2001-12-31 11:00:00 UTC","St. Martin's Paperbacks","http://images.amazon.com/images/P/0312979886.01.THUMBZZZ.jpg","Female Intelligence"
"8366","Lori Schiller","0446671339","http://images.amazon.com/images/P/0446671339.01.LZZZZZZZ.jpg","http://images.amazon.com/images/P/0446671339.01.MZZZZZZZ.jpg","1995-12-31 11:00:00 UTC","Warner Books","http://images.amazon.com/images/P/0446671339.01.THUMBZZZ.jpg","The Quiet Room : A Journey Out of the Torment of Madness"
"8367","J. D. Robb","0425173631","http://images.amazon.com/images/P/0425173631.01.LZZZZZZZ.jpg","http://images.amazon.com/images/P/0425173631.01.MZZZZZZZ.jpg","2003-12-31 11:00:00 UTC","Berkley Publishing Group","http://images.amazon.com/images/P/0425173631.01.THUMBZZZ.jpg","Witness in Death (Eve Dallas Mysteries (Paperback))"
"8368","John Milton","0451524748","http://images.amazon.com/images/P/0451524748.01.LZZZZZZZ.jpg","http://images.amazon.com/images/P/0451524748.01.MZZZZZZZ.jpg","1988-12-31 11:00:00 UTC","Signet Book","http://images.amazon.com/images/P/0451524748.01.THUMBZZZ.jpg","Paradise Lost and Paradise Regained (Signet Classics (Paperback))"
"8369","Upton Sinclair","0553212451","http://images.amazon.com/images/P/0553212451.01.LZZZZZZZ.jpg","http://images.amazon.com/images/P/0553212451.01.MZZZZZZZ.jpg","1980-12-31 11:00:00 UTC","Bantam","http://images.amazon.com/images/P/0553212451.01.THUMBZZZ.jpg","The Jungle (Bantam Classics)"
"8370","Ayn Rand","0451191137","http://images.amazon.com/images/P/0451191137.01.LZZZZZZZ.jpg","http://images.amazon.com/images/P/0451191137.01.MZZZZZZZ.jpg","1995-12-31 11:00:00 UTC","Signet Book","http://images.amazon.com/images/P/0451191137.01.THUMBZZZ.jpg","Anthem"
"8371","Robert M. Pirsig","0553299611","http://images.amazon.com/images/P/0553299611.01.LZZZZZZZ.jpg","http://images.amazon.com/images/P/0553299611.01.MZZZZZZZ.jpg","1991-12-31 11:00:00 UTC","Bantam Books","http://images.amazon.com/images/P/0553299611.01.THUMBZZZ.jpg","Lila: An Inquiry Into Morals"
"8372","Anne Rice","0679454489","http://images.amazon.com/images/P/0679454489.01.LZZZZZZZ.jpg","http://images.amazon.com/images/P/0679454489.01.MZZZZZZZ.jpg","1999-12-31 11:00:00 UTC","Alfred A. Knopf","http://images.amazon.com/images/P/0679454489.01.THUMBZZZ.jpg","Merrick (Vampire Chronicles)"
"8373","Anne Rice","0679454470","http://images.amazon.com/images/P/0679454470.01.LZZZZZZZ.jpg","http://images.amazon.com/images/P/0679454470.01.MZZZZZZZ.jpg","1997-12-31 11:00:00 UTC","Alfred A. Knopf","http://images.amazon.com/images/P/0679454470.01.THUMBZZZ.jpg","The Vampire Armand : The Vampire Chronicles (Rice, Anne, Vampire Chronicles)"
